labels,55,88,95,101,114,137,174,232,251,261,306,326,329,365,378,380,390,392,403,411,437,461,471,478,498,517,524,537,546,555,573,593,632,633,669,693,727,734,748,790,809,848,850,855,870,876,889,907,916,934,947,976,986
4,7.67,2.46,24.4,-0.0146,35.3,317,491,268,306,-11.8,0.572,9,-0.000106,392,0.232,2.73,0.161,3.32,171,4.05,0.935,162.0,201.0,13,308,476,0.237,-0.0166,-0.133,505,578,290,-0.00723,-3.46e-05,496,9.41,0.024,3.48,-0.0959,-0.185,-0.336,5.33,0.00078,0.148,0.0225,0.28,0.01,-3.34e-05,13,262,0.0207,0.935,1.6
4,5.7,2.47,16.1,-0.0206,31.5,14,282,134,94,-6.2,0.582,276,0.000106,302,0.0792,2.91,0.254,1.85,317,3.13,0.88,106.0,182.0,49,172,133,0.382,-0.0967,0.00305,22,116,66,-0.0844,0.000622,100,7.58,0.108,4.13,-0.2,-0.369,-0.504,5.04,0.000176,0.0644,0.0149,0.301,0.0163,-3.77e-05,45,46,0.0244,2.38,1.33
4,7.92,2.08,22.2,-0.0762,20.7,208,150,30,310,2.84,0.599,74,0.000418,246,0.13,2.71,0.109,3.99,246,5.03,0.872,107.0,180.0,78,212,41,0.583,0.0977,-0.00945,306,207,266,-0.00103,0.000261,209,8.39,0.0564,3.85,0.0444,-0.72,-0.374,4.78,0.00183,0.131,0.0249,0.194,0.00824,0.000579,237,237,0.0281,2.47,2.09
4,4.32,4.08,10.3,-0.0353,11.2,308,57,219,100,-6.39,0.648,54,-0.000166,311,0.0445,2.9,0.232,1.44,307,1.63,0.944,167.0,266.0,205,79,363,0.15,0.0331,0.00811,56,105,297,0.0199,-0.000817,379,6.51,-0.0145,3.19,0.0482,-1.05,-1.38,6.13,0.00239,0.0428,0.00704,0.128,0.00425,-1.19e-05,53,266,0.0221,2.16,3.22
4,12.1,2.61,25.0,-0.00881,32.4,631,421,44,688,-8.97,0.814,344,-4.12e-05,599,0.186,2.71,0.131,2.72,447,4.35,0.956,171.0,265.0,399,551,551,0.116,0.0128,0.0278,646,587,137,-0.0532,3.59e-05,603,9.37,-0.00988,3.47,-0.129,-0.244,-0.617,7.5,0.00076,0.143,0.016,0.196,0.00855,4.27e-05,9,457,0.0177,1.41,1.89
4,10.4,2.88,21.5,0.011,27.3,291,730,311,21,2.6,0.593,204,3.86e-05,509,0.104,2.95,0.264,2.08,381,1.93,0.948,162.0,265.0,191,277,216,0.484,-0.00942,0.00292,728,475,84,0.0374,-2.75e-06,384,5.28,0.0171,3.99,0.0397,0.154,-0.372,7.29,0.000883,0.0584,0.0095,0.292,0.00827,4.44e-05,207,305,0.0172,1.16,1.94
4,8.92,3.21,26.2,0.00301,38.1,407,508,429,618,-5.09,0.702,291,3.09e-05,236,0.119,2.71,0.155,1.9,312,3.89,0.915,73.7,169.0,679,210,42,0.317,0.0422,0.0722,46,588,5,-0.0356,0.000242,212,10.2,0.00498,4.1,0.00515,-0.262,-0.0644,5.17,0.00055,0.128,0.0242,0.211,0.0165,0.000347,165,534,0.0354,0.839,0.327
4,8.74,2.48,12.4,0.00261,38.4,433,81,86,43,-2.24,0.783,400,-7.88e-06,78,0.24,2.72,0.161,2.66,314,5.28,0.949,194.0,261.0,199,451,451,0.153,-0.0226,-0.164,73,434,154,0.0161,-4.61e-05,486,9.61,0.0262,3.69,-0.0185,-0.407,-0.0633,5.77,0.00044,0.144,0.0142,0.235,0.00905,0.000232,426,16,0.0176,1.71,3.05
4,8.17,2.24,14.9,-0.0101,20.6,153,129,37,116,-7.33,0.638,0,-0.000269,27,0.163,2.72,0.0587,2.9,93,19.2,0.922,147.0,221.0,17,29,53,0.642,0.0135,-0.0283,68,9,165,-0.0886,0.00394,11,10.8,-0.0314,2.55,-0.267,-0.304,-0.3,5.13,-0.00406,0.163,0.0312,0.111,0.00639,-0.000136,11,103,0.0251,3.76,1.98
4,10.4,1.93,14.4,0.00841,44.5,454,384,169,21,0.723,0.787,368,0.000186,200,0.187,2.73,0.176,2.06,64,3.91,0.922,166.0,218.0,12,126,168,0.2,0.0842,-0.0203,55,359,159,0.0203,0.00122,215,11.2,-0.0236,2.84,0.129,0.269,-0.245,4.41,0.0019,0.149,0.0279,0.207,0.00747,9.15e-05,417,138,0.0214,2.11,2.07
4,15.6,2.34,23.1,0.0305,31.3,28,192,41,82,-2.28,0.81,344,0.000276,515,0.204,2.71,0.159,2.89,409,5.08,0.94,123.0,219.0,316,56,377,0.333,0.0171,0.0576,450,25,114,0.0274,0.000113,205,7.44,0.0219,4.03,-0.0102,-0.0955,-0.54,6.86,0.000759,0.16,0.0122,0.262,0.00798,0.000726,27,114,0.0227,1.66,1.3
4,7.7,2.62,18.8,-0.0439,20.7,309,198,59,152,-7.77,0.752,342,-0.000182,457,0.0949,2.94,0.275,1.56,33,1.38,0.922,158.0,218.0,286,159,159,0.418,0.0211,0.0909,113,123,406,0.0204,-0.000523,354,11.8,0.0182,3.57,0.0363,-0.0193,-0.249,4.56,0.00106,0.0752,0.0139,0.208,0.0142,8.98e-05,404,436,0.0203,1.73,1.7
4,9.82,2.25,13.5,0.000283,35.3,87,61,104,41,-15.4,0.618,95,0.000681,24,0.0828,2.45,0.09,2.36,158,1.82,0.916,134.0,209.0,102,63,110,0.0962,0.0794,0.371,101,179,159,-0.259,0.0024,119,9.34,-0.0506,3.45,-0.13,0.17,-1.17,2.54,0.00315,0.0649,0.0225,0.131,0.0161,0.00213,100,37,0.0343,4.5,2.81
4,10.7,4.88,18.8,0.0687,25.8,219,159,76,47,-1.85,0.573,96,0.00062,52,0.119,2.94,0.258,1.88,249,1.92,0.919,93.5,186.0,12,46,23,0.256,-0.0555,0.0408,219,221,181,0.0824,0.00073,40,7.05,0.0435,3.84,0.131,0.427,-0.109,7.28,0.000243,0.069,0.0127,0.256,0.00678,1.48e-05,281,39,0.0219,2.15,0.264
4,8.21,3.64,20.0,0.017,21.8,527,303,171,350,-6.63,0.722,211,-2.6e-05,288,0.18,2.73,0.122,5.99,446,4.27,0.928,159.0,209.0,245,274,274,0.0976,0.00634,0.0444,297,517,459,-0.0312,-0.000126,24,9.44,0.0214,3.35,-0.125,-0.25,-0.0852,6.77,0.00101,0.179,0.0215,0.227,0.00514,-9e-06,255,46,0.0213,1.29,2.15
4,10.2,2.12,18.7,-0.031,38.2,203,297,190,129,-8.78,0.583,18,-0.000708,212,0.161,2.71,0.109,4.27,187,3.28,0.938,132.0,224.0,218,62,157,0.0875,-0.00824,0.0419,186,160,128,-0.0417,0.000399,207,15.8,-0.00307,3.96,-0.268,0.0868,0.304,4.55,0.00152,0.0986,0.0195,0.205,0.00853,0.00051,21,48,0.0198,2.18,0.997
4,7.35,2.66,20.2,0.088,40.8,40,71,134,101,-6.1,0.517,9,-0.000138,87,0.181,2.71,0.158,3.79,217,3.99,0.932,166.0,233.0,66,21,207,0.128,-0.000119,0.278,17,10,11,-0.0246,0.00198,152,13.1,0.0227,3.36,-0.219,0.0566,-0.128,6.78,0.00158,0.141,0.0267,0.27,0.0163,0.000924,11,90,0.0246,3.15,1.78
4,9.28,3.46,24.5,0.036,29.3,321,130,366,91,-11.1,0.845,444,0.000572,350,0.296,2.72,0.166,3.57,41,7.04,0.967,155.0,245.0,425,21,21,0.256,0.0101,0.0556,270,79,213,0.0354,6.22e-05,496,10.6,0.0333,3.63,-0.113,-0.542,-0.349,6.38,0.000574,0.159,0.0172,0.287,0.00678,0.000193,287,345,0.0175,1.43,0.771
4,13.2,2.23,19.1,-0.0017,26.1,125,268,115,309,-6.7,0.555,11,-0.000284,324,0.141,2.72,0.105,3.0,119,3.54,0.938,144.0,220.0,63,180,129,-0.256,-0.0456,-0.186,240,288,275,0.0157,0.000609,158,10.5,0.0182,3.98,-0.116,-0.0949,-0.707,5.51,0.000448,0.134,0.014,0.159,0.00827,-0.000244,19,142,0.0172,2.54,1.7
4,17.0,2.58,16.8,-9.72e-05,13.7,97,101,144,196,-3.69,0.858,307,6.1e-06,552,0.206,2.73,0.167,1.81,608,2.17,0.97,165.0,263.0,423,71,55,0.284,0.00742,-0.0401,137,654,311,-0.00227,0.000106,117,12.0,-0.00432,4.16,-0.0291,0.124,-0.0709,6.22,0.00132,0.145,0.0159,0.175,0.0111,0.000147,312,184,0.0204,1.5,1.92
4,4.6,2.77,17.1,0.0125,30.1,81,563,129,528,-13.4,0.7,227,-3.04e-05,585,0.149,2.71,0.138,3.17,115,7.09,0.924,173.0,219.0,348,55,145,0.0694,0.0107,-0.116,9,203,291,-0.0119,0.000372,567,9.16,0.00475,3.16,-0.162,0.109,-0.443,4.17,-0.000588,0.148,0.0252,0.224,0.0134,0.000889,152,102,0.0148,1.25,1.83
4,8.23,2.53,29.1,0.00805,24.2,576,417,388,247,-12.8,0.849,4,-5.48e-05,209,0.145,2.73,0.145,4.02,209,6.12,0.963,218.0,263.0,19,26,25,0.559,0.00869,0.0176,377,198,320,-0.0526,0.000373,12,7.79,0.00693,3.18,-0.0463,-0.0835,-0.298,5.02,0.00191,0.114,0.0195,0.238,0.00903,9.62e-05,12,229,0.0123,1.26,2.95
4,6.19,2.9,23.5,-0.00256,29.6,268,276,37,96,-8.02,0.551,292,-1.17e-05,333,0.172,2.73,0.157,2.25,607,4.62,0.914,153.0,213.0,307,305,305,0.392,0.0426,0.0868,385,538,294,-0.00439,8.33e-05,229,7.79,-0.0055,3.45,-0.0267,-0.0914,-0.134,4.76,0.00106,0.153,0.0209,0.204,0.0109,0.000176,298,8,0.0224,1.75,3.2
4,14.2,4.45,17.9,-0.0754,18.3,192,212,188,125,0.164,0.691,99,-0.000734,123,0.273,2.73,0.0868,5.08,135,1.87,0.951,192.0,280.0,352,158,186,-0.0723,-0.025,-0.164,138,307,109,-0.00371,0.000115,311,7.36,-0.0259,4.32,-0.146,-0.615,-0.131,7.03,0.000971,0.117,0.0156,0.19,0.00541,1.15e-05,110,113,0.0194,1.94,3.6
4,12.9,2.94,23.0,-0.00992,19.7,245,338,423,332,4.73,0.576,21,-0.000263,382,0.171,2.73,0.132,3.99,133,3.66,0.931,127.0,228.0,63,344,344,-0.147,-0.00658,0.0386,218,308,174,0.0398,0.000119,410,7.54,0.0177,3.79,-0.106,0.148,-0.151,5.04,-0.000746,0.158,0.0171,0.225,0.00448,-5.4e-05,101,207,0.0192,1.76,0.7
4,15.7,3.09,22.0,0.0419,30.3,138,295,181,105,-3.16,0.621,34,0.000192,93,0.0649,2.73,0.11,4.65,304,1.67,0.904,119.0,229.0,208,107,86,0.208,-0.0655,-0.153,242,191,275,0.0301,-0.000451,160,11.0,0.124,4.35,-0.0655,-0.255,-0.0856,4.35,0.00206,0.109,0.0165,0.192,0.00155,2.57e-05,137,281,0.028,3.47,1.04
4,8.15,2.5,9.58,0.0186,23.4,140,400,306,324,-10.8,0.704,417,0.000241,41,0.306,2.73,0.19,2.5,129,2.84,0.957,207.0,266.0,399,46,47,0.046,-0.0038,0.0356,35,45,638,-0.017,-0.000292,74,7.99,0.0177,4.33,-0.0535,-0.164,-0.608,5.14,0.00245,0.145,0.0232,0.229,0.00557,5.17e-05,430,284,0.0106,1.42,3.11
4,11.1,3.46,30.0,-0.00533,30.5,886,274,373,27,-4.33,0.489,170,-0.000126,677,0.211,2.73,0.201,1.89,399,4.11,0.921,122.0,212.0,112,39,40,0.117,0.0136,0.0355,258,825,650,-0.00897,5.04e-05,781,7.55,0.0119,3.57,-0.0469,-0.4,-0.499,6.27,0.00214,0.149,0.0154,0.24,0.00874,0.000186,117,409,0.02,1.04,1.8
4,9.03,2.8,22.5,0.00864,33.3,439,694,754,193,-5.16,0.716,527,6.05e-05,194,0.0604,2.72,0.176,2.32,710,2.74,0.949,133.0,239.0,305,95,764,0.113,-0.0142,-0.0116,176,288,232,0.041,0.000129,736,9.63,0.0278,3.31,0.0873,0.557,0.33,4.77,-0.000572,0.118,0.0139,0.224,0.0161,-0.000481,483,619,0.0174,0.972,0.981
4,7.63,3.41,16.0,-0.0159,22.1,50,49,435,2,-7.86,0.713,469,-2.82e-05,273,0.0949,2.78,0.149,6.25,73,4.62,0.926,137.0,184.0,241,50,50,0.173,-0.0455,0.23,89,531,487,0.0126,-0.000209,58,7.93,0.0282,3.73,0.174,0.563,-0.0633,3.35,-0.000293,0.0816,0.0172,0.253,0.015,0.000999,472,136,0.0211,0.898,1.32
4,5.79,3.19,14.3,-0.0108,29.2,93,206,263,121,-1.4,0.726,12,-7.98e-05,133,0.17,2.73,0.16,2.09,34,2.46,0.942,160.0,305.0,165,117,177,0.252,0.0111,0.0879,41,37,105,-0.0804,0.00167,216,9.5,0.0604,3.04,-0.222,0.00109,-0.179,4.04,0.000218,0.103,0.0225,0.158,0.00376,1.33e-05,154,33,0.0286,3.9,4.3
4,18.2,2.81,27.9,0.00958,17.0,355,143,420,145,-1.12,0.654,521,9.62e-05,320,0.0546,2.72,0.132,6.46,112,11.5,0.913,125.0,233.0,86,97,98,0.502,0.0439,-0.0202,150,341,309,-0.00203,0.0012,298,6.91,0.00253,3.99,0.0102,-0.312,-0.622,4.61,0.00248,0.128,0.0109,0.3,0.0061,3.39e-05,341,342,0.0216,1.93,1.27
4,10.4,2.2,28.4,0.0504,34.9,58,196,51,44,-14.0,0.823,24,-0.000138,183,0.127,2.73,0.155,3.23,279,2.76,0.965,223.0,318.0,21,62,112,0.0783,0.00229,-0.0912,30,213,90,0.0171,0.000978,55,11.6,-0.028,3.55,-0.16,0.126,0.244,3.93,-0.00108,0.135,0.0182,0.173,0.00365,4.41e-06,38,33,0.0293,2.84,3.96
4,11.5,2.68,27.5,-0.00846,33.6,687,152,259,342,2.23,0.773,904,-9.58e-05,670,0.0983,2.89,0.178,3.95,353,2.01,0.905,141.0,200.0,677,45,45,0.308,-0.00848,0.158,769,467,753,-0.0246,0.000119,338,9.56,0.0188,3.66,0.00748,-0.0893,-0.315,4.12,0.000851,0.113,0.0176,0.329,0.0188,5.31e-05,906,683,0.0269,1.06,1.62
4,13.5,3.85,19.5,-0.0211,36.1,320,317,303,89,-6.28,0.726,196,1.73e-05,42,0.201,2.73,0.185,2.59,56,6.42,0.945,165.0,274.0,181,315,15,0.371,-0.0168,-0.00331,296,34,2,0.0109,-0.000411,52,8.77,-0.00812,3.58,0.152,0.311,0.16,4.66,-2.6e-05,0.106,0.0128,0.179,0.00531,-0.000116,203,286,0.0115,2.04,2.09
4,6.64,3.02,25.7,-0.00305,21.6,57,341,546,243,-10.5,0.678,0,-0.000111,449,0.153,2.73,0.222,1.62,4,3.66,0.907,134.0,216.0,573,11,12,0.132,-0.0101,-0.0351,205,506,307,0.0234,-0.000224,18,6.81,0.0363,4.03,-0.0725,-0.241,-0.373,5.6,0.000563,0.145,0.0185,0.212,0.0189,0.000393,354,4,0.0222,1.2,2.09
4,8.72,3.16,25.3,0.0259,37.1,457,22,301,83,-7.65,0.648,0,1.36e-05,212,0.0968,2.72,0.221,1.73,166,4.98,0.949,163.0,245.0,50,300,53,0.152,0.0184,-0.04,466,432,98,0.0127,0.000537,97,13.9,-0.0365,3.82,-0.181,-0.224,-0.14,4.55,-0.000138,0.135,0.0134,0.273,0.00867,6.03e-06,63,174,0.0119,1.65,1.73
4,8.61,3.94,19.9,-0.017,38.3,544,112,99,381,-6.75,0.764,344,0.000138,53,0.126,2.73,0.259,1.6,29,4.43,0.964,178.0,284.0,411,26,26,0.2,0.0303,0.355,6,346,347,0.0045,-0.000662,219,13.5,-0.0159,4.61,-0.111,-0.461,-0.57,4.7,0.00374,0.142,0.0254,0.269,0.00796,2.58e-05,347,288,0.0221,1.95,3.47
4,15.5,2.62,18.6,-0.0246,28.1,319,343,194,76,-0.304,0.764,99,0.000365,254,0.282,2.88,0.137,5.59,16,2.44,0.914,146.0,279.0,66,81,81,0.37,0.012,-0.118,218,290,153,-0.0364,0.000673,70,7.21,-0.00827,4.13,-0.0618,-0.0415,-0.321,9.43,-3.84e-05,0.162,0.0267,0.214,0.00813,0.000158,147,70,0.0212,2.43,2.54
4,6.5,3.24,17.2,0.00909,19.6,161,736,222,311,-2.81,0.748,315,0.000173,99,0.154,2.72,0.179,2.08,624,6.41,0.931,126.0,207.0,318,634,634,0.0537,-0.000584,0.045,270,162,361,-0.000844,0.000395,45,11.1,0.00599,4.64,-0.00466,-0.34,-0.304,5.11,0.000738,0.171,0.0189,0.253,0.00849,0.000123,361,257,0.0204,1.19,1.35
4,7.54,5.02,21.9,-0.0163,14.0,147,597,427,104,-9.65,0.82,332,0.000168,133,0.0939,2.73,0.187,2.03,490,6.39,0.948,147.0,210.0,562,167,168,0.103,0.00897,0.0646,384,416,90,-0.0206,0.000246,393,8.88,-0.024,3.12,-0.00701,0.106,-0.14,4.89,0.000389,0.115,0.0192,0.187,0.00937,1.44e-05,294,292,0.0159,0.872,1.64
4,9.76,2.72,22.6,0.0152,28.1,77,358,279,25,-8.04,0.713,127,8.02e-05,278,0.0788,2.94,0.281,2.11,356,1.64,0.934,125.0,203.0,191,108,95,0.584,-0.0268,0.11,323,76,349,-0.0126,-0.00021,190,10.7,-0.00354,3.44,-0.0225,-0.682,-0.402,4.68,0.000339,0.0791,0.0188,0.302,0.0198,2.21e-05,130,246,0.0367,1.71,2.73
4,7.3,3.44,36.3,0.00519,31.7,416,222,634,175,-3.51,0.715,805,0.00015,347,0.105,2.73,0.144,2.14,351,1.58,0.941,207.0,306.0,65,109,206,0.324,-0.0116,0.0275,981,892,822,-0.00155,8.47e-05,993,8.67,-0.0198,4.79,-0.0298,-0.106,-0.467,5.17,0.00105,0.134,0.0147,0.187,0.0036,4.51e-06,821,1010,0.0124,0.779,3.96
4,8.69,2.65,29.1,-0.0104,31.3,588,408,579,61,-2.1,0.609,143,-0.000107,592,0.0926,2.91,0.235,2.84,54,1.6,0.946,145.0,222.0,346,594,582,0.624,0.0106,-0.0271,166,238,40,-0.0347,-0.000365,507,10.4,-0.0434,3.95,-0.00133,-0.291,-0.464,3.15,9.22e-05,0.0869,0.0145,0.308,0.0194,0.000252,442,441,0.0232,2.01,2.02
4,9.83,3.43,24.9,-0.00112,28.6,841,12,743,762,-8.09,0.707,438,4.47e-06,794,0.164,2.73,0.216,1.6,181,2.51,0.957,198.0,279.0,443,517,54,0.137,-0.00331,-0.0503,802,177,591,-0.0163,0.000101,816,8.37,-0.0138,3.82,-0.0454,-0.241,-0.185,6.18,0.000722,0.113,0.015,0.214,0.0088,1.02e-05,362,375,0.0252,1.33,3.39
4,6.79,2.79,23.9,-0.00558,30.9,80,198,27,518,-5.44,0.621,310,7.32e-05,75,0.273,2.87,0.0784,4.22,419,3.23,0.952,175.0,275.0,358,9,9,0.114,-0.0017,0.026,54,546,617,-0.0244,-0.000417,355,8.4,-0.0159,3.85,0.145,0.357,-0.23,4.1,0.00156,0.198,0.0267,0.199,0.00443,0.000763,326,616,0.0218,1.68,2.68
4,7.61,2.59,18.1,-0.0276,40.6,228,172,96,125,-6.8,0.718,102,-0.000257,260,0.0756,2.79,0.191,2.66,248,3.63,0.939,121.0,199.0,266,44,318,-0.00676,0.0735,0.00955,264,58,340,0.0195,-0.00032,3,12.5,-0.0104,3.8,-0.205,-0.553,-0.423,3.78,4.89e-05,0.0832,0.0174,0.324,0.0238,0.000826,146,251,0.0206,2.01,0.98
4,7.08,3.32,18.1,-0.00758,30.6,507,7,627,218,-3.95,0.567,190,3.41e-05,226,0.151,2.73,0.219,1.68,15,3.34,0.905,102.0,177.0,315,47,47,0.298,-0.0246,0.079,105,201,393,-0.0135,0.000142,511,6.88,-0.014,3.76,-0.0458,0.159,-0.655,5.9,0.000391,0.123,0.0135,0.231,0.0114,1.74e-05,394,31,0.0204,1.39,0.57
4,6.83,3.11,20.7,-0.00811,32.9,570,567,222,470,-8.46,0.722,272,-0.0001,512,0.0587,2.73,0.187,2.05,467,2.13,0.958,107.0,204.0,279,320,560,0.2,-0.0453,-0.0609,147,17,147,0.0173,0.00025,172,13.8,0.0272,3.11,0.031,-0.318,-0.38,4.86,-0.000787,0.0808,0.0128,0.21,0.00916,-1.95e-05,283,332,0.021,1.38,0.934
4,9.45,2.61,21.1,0.00322,18.2,210,943,302,902,-3.15,0.722,273,6.22e-07,621,0.0753,2.95,0.227,3.43,55,2.12,0.959,135.0,219.0,251,291,487,0.142,-0.00103,-0.00161,384,683,125,0.00166,7.38e-05,172,12.9,0.0142,3.61,-0.0495,-0.186,-0.182,5.21,0.002,0.0853,0.0131,0.321,0.0122,3.31e-05,279,710,0.0249,0.948,1.74
4,12.2,2.42,23.2,-0.000316,43.8,364,624,534,570,-11.7,0.854,204,2.55e-05,31,0.0834,2.92,0.217,2.87,46,1.61,0.944,105.0,207.0,422,275,144,0.358,-0.011,0.0935,124,408,408,0.0757,-1.34e-06,260,8.61,0.035,4.65,-0.00535,0.0459,-0.554,4.41,2.11e-06,0.12,0.0137,0.312,0.0162,0.000585,353,387,0.0194,1.74,0.317
4,7.04,2.67,15.0,0.0156,41.2,209,148,115,13,-9.81,0.636,245,8.49e-05,114,0.0798,2.91,0.19,4.67,202,2.67,0.939,141.0,242.0,15,229,284,0.396,0.0415,0.0927,15,254,74,-0.127,0.00147,32,10.2,-0.0621,3.85,-0.2,0.183,0.128,4.82,-0.000466,0.0955,0.0128,0.219,0.0144,-4.65e-05,5,73,0.0214,3.53,1.09
4,8.64,3.04,24.7,-0.00621,25.7,431,393,109,316,-10.0,0.796,264,-0.000148,83,0.0717,2.73,0.191,1.99,89,5.27,0.971,108.0,195.0,150,287,505,0.113,-0.0219,0.0466,470,19,460,0.0227,0.000224,460,12.1,0.0283,4.42,0.00767,-0.0554,-0.367,5.76,-0.000483,0.0834,0.0132,0.176,0.00952,4.27e-05,409,18,0.0195,1.14,0.858
4,10.6,2.74,16.3,0.0185,16.1,83,267,379,209,-3.66,0.543,306,-7.88e-05,268,0.124,2.95,0.316,1.5,259,1.43,0.891,132.0,192.0,195,11,12,0.261,-0.0412,0.0275,79,17,3,-0.0135,0.000388,86,6.02,0.0667,5.25,0.11,-0.321,-0.749,5.19,0.000871,0.0877,0.0128,0.29,0.00604,9.98e-06,396,313,0.0166,1.9,2.02
4,13.3,2.6,29.9,-0.0176,18.1,359,161,155,290,-8.01,0.836,258,-0.000372,152,0.117,2.94,0.169,5.14,86,3.8,0.965,119.0,201.0,100,148,148,-0.048,-0.00379,-0.0694,269,88,321,-0.0141,0.000224,89,8.21,0.00317,3.04,-0.122,0.539,-0.342,6.17,-0.000671,0.0842,0.00952,0.254,0.0108,0.000298,88,49,0.0188,2.31,1.68
4,9.19,2.6,24.2,-0.0179,28.3,798,556,908,730,-3.65,0.692,846,-2.13e-06,892,0.103,2.72,0.194,2.65,754,2.59,0.929,128.0,220.0,229,613,284,0.306,-0.0152,-0.00786,198,585,104,-0.0138,6.01e-05,261,10.2,0.00939,3.95,-0.0505,-0.275,-0.494,4.19,-0.000803,0.0898,0.0153,0.262,0.0194,0.000211,725,768,0.0238,1.39,0.786
4,8.37,1.93,18.4,0.00661,16.6,537,52,455,263,-3.41,0.55,54,-0.000141,158,0.0902,2.73,0.212,2.45,553,4.62,0.947,115.0,198.0,216,101,23,0.417,-0.0227,0.102,407,377,4,-0.0383,0.000426,334,7.18,0.0319,4.02,-0.12,-0.35,-0.247,5.04,0.000474,0.123,0.0148,0.236,0.0139,0.000103,304,261,0.022,1.46,1.22
4,9.33,3.16,23.6,0.00106,26.3,319,376,817,640,-8.87,0.592,839,2.27e-05,580,0.183,2.73,0.252,1.72,661,8.57,0.943,163.0,255.0,728,199,177,0.461,-0.0161,0.00681,29,675,426,2.38e-06,4.91e-05,675,8.89,-0.0152,3.18,-0.0669,-0.00479,-0.219,5.21,0.00133,0.144,0.0146,0.302,0.0065,2.35e-05,721,666,0.0186,1.06,3.31
4,9.48,2.17,25.4,0.00162,20.0,307,135,175,372,-5.23,0.819,174,-0.000137,532,0.16,2.83,0.198,1.95,11,2.55,0.912,113.0,188.0,133,214,190,0.114,-0.00452,0.041,193,385,206,0.0147,-0.00045,465,9.6,0.0197,3.18,-0.223,0.193,0.195,4.58,-0.000172,0.186,0.0221,0.336,0.0216,0.00126,172,505,0.021,1.77,0.196
4,7.86,3.17,21.3,-0.00222,22.5,187,473,862,362,-10.8,0.833,170,6.45e-06,11,0.0931,2.73,0.218,1.78,956,6.24,0.933,169.0,232.0,274,494,164,0.0947,0.0127,0.0397,600,221,389,-0.00417,0.000119,6,9.03,-0.000813,3.38,-0.137,-0.157,-0.318,6.09,4.53e-05,0.126,0.0129,0.186,0.00987,9.39e-06,464,6,0.00924,0.922,1.78
4,8.28,3.33,24.5,0.00179,28.4,2790,423,2300,621,-6.62,0.787,1610,8.65e-06,1240,0.0669,2.73,0.221,1.94,2450,3.29,0.945,112.0,207.0,2580,21,1650,0.175,-0.00756,-0.0143,135,1450,1760,-0.00161,2.65e-05,897,7.72,-0.00136,3.31,-0.0303,0.266,0.0886,4.21,-0.00018,0.118,0.0122,0.282,0.0108,1.36e-05,1220,641,0.0157,0.322,0.323
4,7.37,2.12,18.8,-0.00855,20.5,220,311,295,179,-7.08,0.732,239,0.000122,209,0.111,2.72,0.201,1.75,85,9.63,0.922,146.0,222.0,214,124,98,0.0483,-0.0141,0.0568,10,220,116,-0.00267,0.00125,222,13.5,0.0154,3.01,-0.157,0.203,-0.0741,4.26,-0.00136,0.0917,0.0171,0.231,0.0195,-2.91e-05,63,170,0.0251,2.59,2.86
4,8.15,3.37,30.2,0.00527,35.8,379,379,502,191,-0.944,0.737,270,0.000119,462,0.101,2.95,0.239,3.48,195,3.04,0.897,146.0,202.0,557,233,410,0.561,0.00746,0.0448,164,291,206,-0.0246,0.000201,97,7.35,-0.0119,3.38,-0.0148,-0.0163,-0.411,4.46,0.00148,0.091,0.0176,0.381,0.0152,-1.15e-05,499,566,0.0181,0.935,2.47
4,17.8,3.71,22.9,0.0404,16.4,184,123,55,66,-5.54,0.641,502,0.000477,62,0.1,2.95,0.317,1.45,141,1.45,0.91,152.0,211.0,449,93,93,0.365,0.000891,-0.0351,174,29,156,-0.02,0.000618,85,7.4,0.0115,3.94,-0.0845,-0.185,-0.451,4.25,0.000109,0.0647,0.00887,0.166,0.00661,1.01e-05,448,47,0.019,1.44,2.07
4,7.69,2.59,13.0,0.0199,26.5,219,402,257,2,-4.5,0.532,288,-7.07e-05,173,0.162,2.73,0.258,1.43,223,2.59,0.946,185.0,289.0,308,251,251,-0.0397,0.0458,0.115,122,254,69,0.0409,0.000482,2,7.04,0.0511,3.79,0.0552,0.0901,-0.342,4.19,0.00207,0.106,0.0181,0.225,0.0168,8.22e-05,290,68,0.0194,1.89,4.4
4,4.86,2.13,17.2,-0.009,17.0,105,262,232,285,-7.38,0.519,95,-0.000189,319,0.203,2.87,0.153,3.79,216,2.85,0.918,131.0,198.0,86,234,234,-0.176,0.00839,0.105,97,90,307,0.0243,-0.000453,188,14.9,0.0263,3.23,-0.102,0.0498,-0.0752,2.79,-0.00242,0.178,0.0243,0.3,0.0175,-0.000197,306,89,0.024,2.09,0.957
4,7.56,2.71,14.5,-0.0345,28.5,102,176,73,137,-17.9,0.541,37,-0.00116,104,0.0835,2.73,0.212,1.83,85,1.85,0.922,158.0,229.0,21,52,9,0.283,-0.0476,-0.0816,40,69,35,-0.0259,-0.0035,129,13.1,0.0339,2.77,-0.123,0.194,0.118,2.65,-0.000776,0.0741,0.021,0.257,0.0158,6.2e-05,43,89,0.0258,4.01,2.37
4,6.73,3.26,16.7,-0.013,35.1,120,24,80,47,-8.25,0.677,0,-0.000117,360,0.0765,2.88,0.183,4.83,238,4.2,0.935,118.0,206.0,20,71,254,0.185,-7.85e-05,0.151,198,359,43,-0.0128,0.00129,246,11.3,0.0206,3.55,-0.112,0.109,-0.0964,3.42,0.00185,0.0581,0.0121,0.208,0.0124,0.00023,359,306,0.0239,1.72,0.848
4,8.25,2.87,19.2,-0.0884,33.4,133,121,145,157,-4.82,0.533,54,-0.00168,160,0.166,2.49,0.139,2.47,79,4.67,0.81,54.9,0.0,154,83,84,-0.274,0.0371,-0.334,148,97,64,-0.0653,-9e-05,64,7.32,-0.0313,2.97,-0.389,-0.00777,0.0688,3.53,-0.00453,0.118,0.0145,0.163,0.0169,-0.000596,128,73,0.0124,2.28,0.0
4,12.7,2.68,21.7,-0.0284,42.2,304,125,5,144,-2.32,0.487,86,-0.000209,19,0.0606,2.5,0.139,2.2,22,2.31,0.947,98.2,209.0,104,145,146,0.444,-0.0809,-0.0108,297,143,286,0.0319,0.00055,136,15.7,0.135,3.99,-0.074,-0.36,-1.18,5.86,0.000664,0.0933,0.0109,0.159,0.0106,0.00099,272,134,0.0183,3.65,0.426
4,7.09,3.43,20.2,-0.0125,22.8,148,159,263,411,-11.9,0.77,217,9.79e-05,284,0.139,2.73,0.233,1.6,367,9.57,0.941,154.0,231.0,229,25,364,0.399,-0.0207,0.101,228,2,2,0.0103,0.000363,322,11.5,-0.00391,3.45,-0.0941,-0.294,-0.385,5.38,0.00232,0.0871,0.0113,0.239,0.00547,1.5e-05,230,295,0.0145,1.68,2.45
4,6.67,3.43,24.6,-0.00407,23.1,362,349,173,256,-8.04,0.664,8,-3.92e-05,20,0.14,2.89,0.107,6.43,54,5.8,0.961,168.0,236.0,190,326,104,0.38,0.013,0.126,105,258,375,-0.0208,0.00101,353,6.98,0.0518,3.95,0.0104,0.106,-0.033,5.16,-0.000436,0.11,0.0158,0.152,0.0115,0.000849,58,354,0.0165,1.62,1.68
4,9.24,2.69,21.3,0.0175,28.2,581,333,144,531,-8.09,0.801,267,0.000101,494,0.0747,2.94,0.216,3.1,157,1.83,0.926,140.0,213.0,266,98,145,0.134,-0.00302,-0.0637,396,510,289,0.0268,0.000365,382,10.5,-0.00108,4.07,-0.0727,0.114,-0.527,3.61,0.000696,0.0817,0.013,0.285,0.0116,5.82e-05,279,512,0.0181,1.04,1.14
4,8.06,2.78,14.9,-0.0059,26.7,2,86,224,106,-7.1,0.487,51,-0.00066,132,0.0915,2.73,0.213,2.16,172,4.04,0.94,111.0,197.0,208,215,215,0.306,0.0338,0.14,115,61,22,0.107,-0.00303,178,17.0,-0.0943,2.71,-0.0669,0.269,0.247,2.98,-0.00119,0.0741,0.0199,0.216,0.0158,0.000155,135,60,0.0284,2.58,1.6
4,8.0,3.26,20.4,-0.0134,30.0,672,194,311,539,-7.51,0.677,285,-1.72e-05,43,0.109,2.73,0.23,1.66,298,4.73,0.931,153.0,216.0,154,355,790,0.26,0.0173,0.176,450,6,601,0.0114,-0.000126,113,6.98,-0.0186,3.95,-0.0332,0.00426,-0.345,4.21,0.000865,0.0854,0.013,0.206,0.0107,4.75e-05,67,501,0.0173,1.32,1.62
4,7.28,3.03,17.3,-0.0234,31.3,438,369,139,31,-4.62,0.674,209,-9.61e-05,397,0.0861,2.73,0.207,1.7,393,3.77,0.951,125.0,208.0,261,39,69,-0.092,0.0259,-0.0145,132,119,474,-0.0205,0.00018,168,8.13,-0.0712,3.71,-0.0296,0.013,-0.157,4.18,0.000988,0.116,0.0119,0.204,0.0126,-3.91e-06,473,474,0.0174,2.03,0.976
4,7.03,2.56,20.1,0.0169,29.5,269,31,118,235,-3.53,0.668,81,-0.000195,414,0.0594,2.95,0.198,4.34,588,1.98,0.958,132.0,252.0,92,346,22,0.273,-0.0173,0.18,31,253,89,-0.0232,0.000433,527,14.7,-0.0205,3.25,-0.054,0.425,-0.0122,8.16,-0.000747,0.112,0.0139,0.328,0.0167,-1.17e-05,368,105,0.0234,1.53,0.64
4,12.0,3.31,18.5,-0.0072,25.4,329,165,20,469,-9.94,0.64,68,-0.000293,329,0.189,2.93,0.253,2.3,68,1.72,0.973,142.0,222.0,382,317,407,0.687,-0.0239,-0.133,380,471,53,-0.00839,-3.23e-05,306,8.0,-0.00608,4.03,-0.00756,0.262,-0.211,6.01,0.00169,0.129,0.012,0.405,0.013,7.65e-05,293,306,0.0181,2.12,1.7
4,10.9,3.51,23.4,-0.00836,24.7,257,381,327,593,0.413,0.63,10,7.93e-05,85,0.135,2.94,0.272,2.06,86,1.57,0.935,156.0,279.0,481,66,65,-0.15,0.0123,-0.0693,473,57,552,-0.0361,0.000585,14,4.77,-0.0261,4.69,0.0242,-0.641,-0.291,5.55,0.000627,0.0736,0.0107,0.233,0.0097,3.68e-05,552,338,0.0228,1.41,2.87
4,5.45,2.98,16.9,0.0163,24.6,37,189,61,24,1.74,0.611,108,-3.63e-05,76,0.0467,2.89,0.173,5.59,165,3.28,0.983,53.6,114.0,295,374,139,0.391,-0.0302,0.0143,142,168,455,-0.0202,0.00075,292,6.72,-0.0255,3.56,-0.0706,0.593,-0.0796,8.31,0.000162,0.0968,0.0111,0.309,0.0096,-0.000401,431,431,0.015,1.54,0.0
4,7.15,2.44,20.6,-0.00602,33.9,293,137,498,194,-7.74,0.638,471,-7.51e-05,2,0.0418,2.48,0.083,3.03,344,3.76,0.946,48.4,72.6,158,423,423,0.157,0.00468,-0.0162,312,235,74,-0.00176,0.000309,484,11.7,-0.0155,5.62,-0.207,0.264,0.15,5.16,3.46e-07,0.0636,0.0103,0.149,0.0125,-0.000981,474,22,0.0182,1.42,0.0
4,14.0,3.55,26.0,0.000498,18.6,129,467,345,115,-7.96,0.796,555,-1.42e-05,162,0.105,2.95,0.238,2.59,194,1.58,0.978,119.0,211.0,396,344,345,0.457,-0.0134,-0.0516,343,74,110,0.0559,0.000211,250,9.56,-0.0208,2.99,-0.239,0.328,-0.383,5.31,0.00236,0.0987,0.0155,0.346,0.0137,-5.81e-06,433,421,0.0234,1.49,1.14
4,8.75,1.81,28.2,-0.0479,22.2,312,114,228,47,-3.48,0.601,68,-0.000354,344,0.0994,2.92,0.146,7.27,168,6.8,0.947,169.0,239.0,309,44,7,0.734,-0.00652,-0.0453,11,147,2,-0.03,0.00024,20,11.2,-0.0119,3.69,0.117,0.0142,-0.403,4.65,0.00135,0.0988,0.0179,0.253,0.014,-6.6e-06,301,300,0.015,2.19,3.67
4,8.56,2.4,15.1,0.0035,29.8,148,5,233,657,-9.66,0.681,30,6.08e-05,335,0.0532,2.93,0.189,5.5,326,3.7,0.932,114.0,199.0,510,99,233,-0.056,-0.0141,0.174,174,593,251,0.031,0.00033,168,9.9,-0.0094,4.02,-0.125,-0.134,-0.448,5.18,0.00133,0.0939,0.0137,0.326,0.0132,-7.15e-06,360,249,0.0164,0.795,0.564
4,10.4,2.78,23.4,-0.0552,22.1,356,235,92,295,-5.44,0.678,22,-0.000615,272,0.153,2.91,0.134,5.66,207,4.03,0.935,120.0,210.0,194,291,264,0.237,-0.000643,-0.15,269,79,80,-0.0307,0.000829,403,7.56,0.0103,4.06,-0.0911,0.12,-0.506,4.81,0.000414,0.103,0.0115,0.349,0.0119,0.00101,224,389,0.0183,1.62,1.58
4,9.16,3.26,29.7,0.054,6.64,162,51,212,54,-2.63,0.465,6,0.00038,242,0.244,2.95,0.249,2.9,271,2.35,0.948,133.0,207.0,338,62,62,0.201,0.0108,-0.0495,21,173,230,-0.0396,0.000606,110,9.91,0.00497,4.57,-0.107,-0.0409,-0.00953,5.43,0.000102,0.145,0.0102,0.35,0.013,-3.34e-06,10,274,0.0182,1.23,1.42
4,6.35,2.61,19.3,0.00811,39.2,93,605,536,427,-8.24,0.743,498,0.000122,11,0.0863,2.94,0.232,2.53,110,1.5,0.967,135.0,189.0,432,94,479,0.23,0.0175,0.0262,155,121,505,-0.0045,0.000442,8,9.34,-0.044,3.73,-0.183,0.279,-0.451,3.92,0.000658,0.0762,0.012,0.239,0.0168,0.000264,416,334,0.0113,1.46,1.54
4,8.74,2.97,10.3,-0.0193,24.4,114,5,402,31,-13.5,0.826,302,0.000304,36,0.096,2.95,0.275,1.67,36,1.37,0.923,179.0,254.0,75,141,141,0.00129,-0.00294,-0.098,231,72,369,-0.0412,0.000805,200,11.6,-0.00333,3.08,-0.013,0.321,0.155,4.71,0.000352,0.0628,0.0161,0.291,0.0178,7.07e-05,200,72,0.025,2.42,3.47
4,9.31,2.94,17.2,-0.0282,21.0,11,279,221,64,-12.8,0.753,183,-0.000513,258,0.142,2.95,0.317,1.82,210,1.5,0.926,128.0,211.0,14,232,252,0.296,0.0458,0.00956,28,255,391,-0.0372,-0.000627,88,7.43,-0.0623,4.34,-0.211,-0.547,-0.145,3.98,5.13e-05,0.0516,0.00965,0.303,0.0129,-7.59e-05,7,218,0.0168,1.79,0.437
4,6.7,2.24,11.8,-0.0266,24.2,257,257,137,107,-9.1,0.522,329,-6.05e-05,95,0.0422,2.93,0.259,1.47,160,1.56,0.899,112.0,185.0,350,109,117,0.463,0.0554,0.053,240,359,93,-0.0644,0.000987,93,10.4,-0.00326,3.56,0.0408,-0.411,-0.449,4.97,0.00122,0.0683,0.0106,0.269,0.00847,5.1e-05,288,290,0.0203,1.9,0.425
4,9.91,2.84,22.7,0.00607,27.1,540,541,516,209,-0.259,0.558,452,0.000261,530,0.156,2.96,0.374,1.28,99,1.41,0.883,218.0,349.0,442,308,309,-0.0013,0.0249,0.0827,195,296,458,-0.0577,-0.000485,497,9.0,-0.0131,3.58,0.0673,-0.274,-0.199,5.21,0.000304,0.0645,0.01,0.282,0.00826,-7.39e-07,460,106,0.0221,2.73,3.36
4,6.32,2.66,19.5,0.00257,13.2,366,374,368,304,-9.6,0.436,501,0.000158,102,0.102,2.93,0.212,6.49,237,2.54,0.923,138.0,216.0,139,31,31,0.441,-0.00303,0.0935,232,178,291,-0.0328,0.000439,126,7.09,0.00564,3.37,-0.126,0.215,-0.528,6.9,0.000587,0.0878,0.0156,0.274,0.0142,0.000173,240,205,0.0169,1.54,1.93
4,7.91,2.73,16.5,-0.00325,29.9,281,281,520,472,-2.15,0.638,39,-0.000126,78,0.0578,2.75,0.119,4.32,65,3.14,0.937,82.7,180.0,37,162,163,-0.00434,-0.0468,-0.0116,295,294,44,-0.0335,0.000513,207,9.76,0.0155,4.18,-0.1,0.588,-0.295,5.45,-0.000204,0.0884,0.00977,0.245,0.0119,0.000134,237,252,0.0131,1.45,0.0613
4,8.05,2.63,20.6,0.0011,33.8,162,299,616,328,-5.3,0.531,254,2.37e-05,448,0.0764,2.76,0.0944,6.37,148,2.96,0.894,126.0,204.0,565,248,120,0.236,0.0208,0.181,390,1,544,-0.0556,0.000254,325,8.63,-0.0351,2.85,0.00961,0.28,0.295,3.76,2.59e-06,0.0765,0.0152,0.271,0.0125,0.000652,280,14,0.0279,1.31,2.15
4,7.01,2.34,17.1,-0.0348,21.5,62,472,86,201,-9.11,0.656,196,-7.58e-05,51,0.0874,2.95,0.31,1.63,449,1.32,0.916,167.0,236.0,285,224,446,0.28,0.000821,0.102,266,16,334,-0.0194,-0.00101,457,9.55,0.0285,3.42,-0.0569,-0.25,-0.8,4.79,0.000493,0.0804,0.0108,0.245,0.0122,2.25e-05,197,439,0.0179,2.04,1.69
4,13.4,3.78,29.3,-0.0201,38.0,200,200,131,88,-11.5,0.67,295,8.3e-05,75,0.115,2.93,0.256,1.76,56,1.4,0.963,161.0,272.0,338,136,40,0.445,-0.0109,-0.0443,31,318,73,0.00405,0.000526,317,6.87,0.0227,4.82,-0.0314,0.0887,0.0155,4.76,0.00037,0.146,0.0167,0.303,0.0148,9.55e-05,317,336,0.0213,2.28,2.94
4,8.25,2.48,16.0,-0.0157,32.4,561,128,149,146,-9.44,0.712,26,-1.46e-05,234,0.0675,2.9,0.164,3.76,543,1.88,0.953,153.0,228.0,214,452,470,0.28,-0.0101,0.0272,95,218,406,-0.0229,4.31e-05,130,6.2,-0.00121,4.11,-0.0794,0.343,-0.427,4.34,-0.00133,0.0771,0.0163,0.27,0.0165,0.00139,29,129,0.0175,1.45,1.4
4,10.2,4.0,19.3,0.0204,24.6,133,517,430,170,-8.05,0.708,304,7.59e-05,117,0.0965,2.94,0.232,3.63,427,3.25,0.947,157.0,231.0,496,422,422,0.256,-0.0188,0.0465,318,35,75,0.0499,-0.000317,13,9.44,0.0284,3.87,-0.134,-0.282,-0.746,3.86,0.00166,0.0755,0.0141,0.264,0.0109,5.87e-05,265,184,0.0187,1.59,1.66
4,7.26,3.26,16.2,-0.0254,30.2,283,145,435,401,-10.6,0.983,26,-0.000111,72,0.0649,2.92,0.2,2.67,54,1.61,0.951,146.0,235.0,52,217,217,0.25,0.0349,-0.174,49,394,70,-0.0527,0.000164,45,9.11,-0.0401,3.34,-0.0509,0.102,0.353,4.82,-0.000352,0.088,0.00886,0.245,0.0143,-0.000321,69,122,0.024,1.88,2.27
4,15.7,2.96,17.2,0.0214,10.6,45,164,106,269,-11.5,0.697,229,0.000177,43,0.12,2.93,0.227,3.48,320,2.03,0.937,136.0,225.0,230,111,39,0.221,0.0137,0.114,264,282,317,0.0334,0.000127,303,7.18,0.00723,3.45,-0.119,0.74,-1.23,5.06,-0.000124,0.058,0.00916,0.268,0.0115,0.000139,74,304,0.0139,1.9,1.43
4,9.84,2.31,31.9,-0.0171,37.2,458,374,536,253,-2.05,0.622,695,0.000127,403,0.0908,2.94,0.255,3.39,76,2.0,0.942,170.0,296.0,141,714,714,0.42,0.0457,0.0365,462,689,274,-0.00217,0.000306,518,9.9,-0.000781,4.49,0.0513,-0.196,-0.28,6.04,-0.000184,0.125,0.0111,0.275,0.0133,5.44e-05,666,232,0.0158,1.95,2.61
4,9.63,2.91,28.4,-0.0323,26.0,211,33,67,246,-3.42,0.701,144,-0.000213,222,0.0978,2.9,0.199,2.7,53,2.17,0.914,135.0,196.0,175,212,316,0.517,0.0568,0.0919,243,259,222,-0.0159,0.000415,35,12.5,-0.0439,3.02,-0.0581,0.243,-0.259,4.23,0.00024,0.0753,0.0143,0.344,0.0252,0.00101,149,303,0.0273,3.23,1.57
4,5.18,2.74,18.9,0.0188,32.4,488,444,259,144,-8.43,0.68,254,-0.000115,413,0.0971,2.91,0.228,3.11,96,2.07,0.977,132.0,226.0,460,63,63,0.164,-0.014,-0.119,192,3,108,0.0235,0.000198,105,8.98,0.035,4.94,-0.223,0.174,0.25,4.83,0.00167,0.079,0.0131,0.339,0.0154,0.000148,248,287,0.0188,1.41,1.3
4,5.85,2.64,10.1,0.0232,25.3,277,240,49,93,-6.26,0.745,138,0.000118,70,0.0981,2.91,0.246,1.99,70,2.51,0.957,112.0,200.0,144,188,171,0.153,-0.0788,-0.183,311,105,148,0.0273,-0.00117,61,12.3,0.0559,3.05,0.0516,-0.206,-0.487,5.83,-0.000509,0.119,0.0144,0.313,0.0213,0.000205,149,412,0.0196,1.54,1.21
4,5.59,2.73,24.8,0.00387,17.9,324,370,123,197,-14.8,0.766,504,6.32e-05,118,0.0652,2.94,0.183,5.07,324,1.87,0.959,162.0,237.0,311,446,527,-0.00981,0.0554,0.174,15,542,604,-0.0458,7.39e-05,622,16.7,-0.00719,3.21,-0.0184,0.225,-0.326,3.64,0.000494,0.0863,0.0152,0.286,0.0137,0.000278,508,392,0.0193,1.39,1.2
4,5.66,2.36,15.2,0.039,31.0,303,306,327,55,-15.0,0.65,121,0.000285,132,0.076,2.93,0.161,9.95,289,5.52,0.966,149.0,211.0,288,137,187,0.284,-0.0407,0.179,363,78,172,0.00574,0.000728,42,10.5,0.0283,4.8,-0.267,-0.292,-0.52,3.44,0.00272,0.0551,0.0117,0.225,0.0145,0.000703,323,78,0.0198,1.86,1.36
4,16.2,3.29,19.1,-0.0558,25.3,315,337,263,293,-6.57,0.549,306,-5.63e-05,195,0.086,2.47,0.112,1.95,376,2.77,0.924,106.0,184.0,196,213,214,-0.0631,-0.0361,-0.078,376,233,252,0.0432,-0.000923,290,7.21,0.0678,3.4,-0.0669,0.0447,0.268,6.06,0.00119,0.0685,0.00928,0.125,0.00945,0.00014,194,204,0.0242,2.01,1.11
4,7.66,2.51,16.6,-0.0223,23.9,149,80,327,297,-11.8,0.682,269,-0.000369,298,0.0887,2.94,0.27,2.12,14,1.44,0.948,117.0,223.0,277,447,447,0.601,-0.0174,0.0361,234,113,21,-0.0208,0.000869,241,8.0,-0.041,3.63,-0.171,-0.374,-0.825,7.53,0.00159,0.11,0.0112,0.282,0.0175,0.000326,272,173,0.0258,2.17,1.21
4,7.66,1.97,17.8,-0.00851,11.5,541,438,340,290,-9.75,0.74,209,1.57e-05,524,0.118,2.94,0.307,1.75,55,1.49,0.952,186.0,268.0,275,314,323,0.412,0.0362,0.00308,135,49,266,-0.00912,5.41e-05,444,7.22,-0.0392,4.29,-0.042,0.0478,-0.752,4.39,0.00115,0.0602,0.0109,0.265,0.0148,0.000115,267,215,0.0163,1.68,3.48
4,14.9,3.4,20.6,0.00327,37.7,104,487,222,154,-4.55,0.722,421,0.000286,294,0.111,2.95,0.252,3.35,90,2.87,0.926,128.0,198.0,588,14,14,0.772,0.0292,0.0757,599,119,170,0.0531,0.00045,599,9.41,-0.0511,3.58,-0.14,-0.0545,-0.423,5.55,0.00111,0.0841,0.00968,0.19,0.00989,3.12e-06,597,273,0.0201,1.35,1.07
4,8.79,2.76,20.1,0.0108,32.2,137,465,463,448,0.434,0.649,0,0.000132,463,0.0966,2.92,0.223,2.94,46,1.72,0.956,111.0,176.0,476,113,190,-0.354,0.0181,0.0102,429,62,505,-0.000859,0.00066,51,10.3,0.016,4.11,-0.0247,-0.786,-0.115,3.82,-2.32e-05,0.0926,0.0139,0.249,0.0156,7.78e-05,99,505,0.0228,1.3,0.572
4,16.5,2.61,6.88,0.00426,25.3,53,13,77,131,-6.39,0.508,33,0.000395,118,0.0727,2.94,0.239,2.83,167,1.63,0.915,105.0,195.0,33,133,134,0.858,-0.0126,0.154,136,44,125,0.0364,0.00263,154,11.0,-0.13,4.7,-0.422,0.346,0.69,4.81,-0.000856,0.0723,0.0114,0.266,0.0103,0.000122,45,44,0.0155,3.66,0.125
4,8.86,2.55,22.7,0.00539,32.4,183,522,5,203,-7.94,0.848,322,6.25e-05,357,0.083,2.91,0.181,3.64,405,1.6,0.936,85.3,196.0,49,81,368,0.502,0.0129,0.22,93,449,189,-0.0154,0.000342,134,11.0,0.0341,4.16,-0.128,0.29,-0.611,4.35,0.000118,0.0976,0.0156,0.325,0.0142,0.000663,66,227,0.0217,1.63,0.32
4,13.5,3.22,14.2,-0.0115,30.3,243,258,233,31,-4.62,0.386,242,-8.39e-05,312,0.121,2.48,0.133,1.75,41,2.26,0.914,127.0,206.0,147,72,72,0.278,-0.151,-0.141,10,4,22,-0.035,-0.000408,66,8.31,0.0396,3.82,-0.0146,0.211,-0.229,6.15,-0.00169,0.0751,0.00749,0.14,0.00865,-0.00161,57,57,0.0179,2.69,1.25
4,10.9,2.78,17.8,0.0178,18.3,101,342,280,126,-2.89,0.733,116,2.94e-05,35,0.0989,2.95,0.28,1.79,359,1.56,0.958,131.0,186.0,272,108,108,0.441,0.0336,0.182,297,37,61,0.055,0.000166,62,7.3,-0.0452,3.82,-0.039,0.017,-0.0998,5.42,0.0014,0.0611,0.0106,0.331,0.00869,1.77e-05,275,36,0.0161,1.28,1.0
4,7.55,3.23,10.2,0.0169,31.0,698,667,684,449,-8.23,0.657,504,-0.000116,597,0.0699,2.94,0.216,3.49,390,2.05,0.945,133.0,206.0,518,681,681,0.229,-0.00228,0.000487,402,555,127,0.0503,-0.000306,672,10.8,0.0194,2.91,-0.157,0.671,0.173,5.17,-0.000779,0.0736,0.0149,0.293,0.0183,4.96e-05,206,671,0.0155,1.14,0.7
4,3.99,6.52,18.0,-0.0177,14.9,82,37,250,251,-0.14,0.596,54,-0.000115,246,0.0808,2.95,0.262,1.41,255,1.28,0.912,138.0,272.0,134,87,253,0.646,-0.00394,-0.0828,3,241,72,-0.0155,0.000824,282,4.39,0.00405,5.63,0.0824,-0.91,-1.52,8.41,0.000645,0.0613,0.00629,0.206,0.00288,-2.15e-07,160,241,0.0204,4.25,2.71
4,8.02,2.85,20.3,-0.00994,26.8,91,89,34,303,-2.23,0.693,388,0.000106,231,0.119,2.94,0.214,3.54,102,1.92,0.92,114.0,197.0,397,208,208,0.102,0.0669,0.202,29,164,582,0.0291,0.000121,188,9.13,-0.0209,3.46,0.0316,0.723,-0.325,5.94,-7.44e-06,0.0844,0.0126,0.248,0.0138,0.00011,413,530,0.0201,1.5,0.939
4,8.87,2.44,29.7,0.0042,24.1,430,119,246,27,-5.46,0.709,185,-6.57e-05,244,0.134,2.91,0.213,3.05,220,2.14,0.935,125.0,199.0,172,382,299,0.178,-0.0101,-0.0394,495,241,340,-0.0193,0.000332,364,6.8,0.0437,4.54,-0.0819,-0.239,-1.03,8.54,0.000882,0.0809,0.00996,0.335,0.00895,-4.64e-05,223,365,0.0162,1.63,0.973
4,15.3,3.2,15.6,-0.000989,25.7,454,0,98,245,-6.64,0.867,21,-0.000149,473,0.136,2.95,0.283,1.84,476,2.1,0.941,121.0,204.0,169,72,73,0.274,0.00157,-0.052,190,467,174,-0.0126,0.000108,559,7.83,0.0508,4.17,-0.0984,0.151,-0.00851,5.51,0.000929,0.0737,0.0101,0.274,0.0103,0.000125,175,559,0.0205,1.59,1.59
4,10.2,3.57,20.2,-0.00785,34.6,270,393,113,427,-12.2,0.545,15,-0.000228,311,0.054,2.95,0.285,2.03,206,1.6,0.915,157.0,215.0,115,418,418,0.109,-0.0517,-0.115,383,418,435,-0.0238,-9.13e-05,379,6.3,-0.0131,4.5,-0.153,-0.0212,-0.0809,4.57,0.00171,0.0751,0.0132,0.39,0.0153,-5.84e-05,24,78,0.0173,2.03,2.72
4,9.58,2.76,18.5,-0.018,30.9,309,299,303,22,-0.489,0.536,73,-0.000386,363,0.0579,2.55,0.107,2.65,35,2.32,0.933,80.6,175.0,133,223,224,0.0202,-0.004,0.155,281,52,128,-0.0881,-0.00086,301,9.65,-0.0234,3.46,-0.141,-0.0366,0.187,4.49,-0.000348,0.0775,0.0121,0.173,0.0141,-0.000292,36,301,0.0229,2.86,0.701
4,7.56,2.94,14.1,-0.00409,24.3,843,404,627,570,-9.56,0.752,710,-8.05e-05,800,0.116,2.92,0.174,4.81,78,2.72,0.946,137.0,188.0,30,329,329,0.115,-0.0114,0.0706,457,165,152,-0.0445,-3.48e-05,424,8.59,-0.00669,3.93,-0.145,-0.181,-0.535,4.89,-0.000615,0.128,0.0171,0.313,0.0174,0.000738,86,151,0.0169,0.931,0.627
4,9.91,2.75,27.4,0.0046,38.0,457,677,457,319,-4.2,0.731,508,-9.08e-05,644,0.0586,2.87,0.163,4.97,73,2.68,0.943,131.0,209.0,511,176,176,0.118,0.00457,0.0732,230,708,368,0.00763,0.000213,613,11.1,0.00577,3.86,-0.0911,0.137,-0.361,4.96,0.00171,0.102,0.0138,0.322,0.0143,0.000442,351,351,0.0139,0.867,1.04
6,8.17,3.04,17.5,-0.00269,48.2,1070,921,848,1150,-13.8,0.888,1210,-3.2e-06,614,0.223,2.73,0.17,3.11,1960,2.39,0.944,157.0,222.0,316,1010,1510,0.206,-0.00655,0.0608,90,1250,1610,0.000153,-5.74e-06,1940,9.04,0.0138,3.26,-0.000276,-0.172,-0.0936,5.02,0.000461,0.176,0.0249,0.287,0.0098,0.000105,981,497,0.0229,0.445,1.59
6,10.7,2.97,16.6,0.0425,11.2,58,58,183,249,-3.03,0.632,326,0.000134,186,0.0655,2.94,0.275,1.52,68,2.34,0.895,109.0,181.0,256,62,62,-0.0108,0.0304,0.00334,52,83,100,0.0311,0.000622,99,3.94,0.0179,4.65,-0.22,-0.797,-0.236,4.17,0.000793,0.0471,0.0107,0.259,0.00968,2.09e-05,127,54,0.0214,2.66,2.13
6,8.5,2.52,24.3,0.00353,35.6,548,612,441,144,-1.12,0.678,708,0.000142,73,0.165,2.72,0.128,3.78,69,8.58,0.915,122.0,191.0,650,710,710,0.29,-0.0089,0.148,22,690,59,-0.00189,0.000161,190,9.38,0.0314,3.44,-0.0415,-0.337,0.111,4.25,0.0031,0.131,0.0247,0.261,0.0123,0.000237,126,79,0.022,0.974,1.81
6,11.8,2.72,20.5,0.0181,14.1,88,249,258,99,1.09,0.589,236,0.000437,90,0.0621,2.49,0.0793,5.37,54,5.58,0.955,164.0,268.0,199,108,124,0.313,0.00271,0.0959,247,129,12,-0.0361,-6.34e-05,41,3.91,-0.0406,3.47,0.0164,0.766,-1.46,4.34,0.00242,0.0476,0.00858,0.131,0.00692,0.000342,93,194,0.0223,3.09,2.09
6,8.91,1.98,12.4,-0.0206,27.5,104,40,305,58,-8.44,0.753,232,-0.000158,277,0.278,2.67,0.143,2.26,78,5.06,0.962,169.0,269.0,117,94,94,0.304,0.024,0.19,101,235,235,-0.0372,-0.000469,381,8.98,-0.0682,3.22,-0.159,0.128,-0.78,5.62,0.000888,0.118,0.0164,0.204,0.0125,0.000365,237,82,0.0121,2.53,0.838
6,8.46,2.3,23.2,0.00364,38.1,379,82,619,150,-2.03,0.572,126,-0.000131,390,0.107,2.92,0.224,2.25,392,1.94,0.916,170.0,302.0,112,36,36,0.164,-0.0172,-0.0797,197,321,614,-0.0299,7.87e-05,662,6.11,0.00691,3.37,-0.0635,-0.521,-0.225,3.74,-0.000274,0.07,0.0128,0.288,0.0166,0.000174,23,320,0.0265,1.89,2.91
6,8.65,3.67,22.3,-0.0195,39.2,753,528,397,1030,-3.25,0.826,836,3.91e-06,437,0.174,2.72,0.142,2.64,884,3.79,0.902,105.0,179.0,17,127,900,0.344,-0.00721,0.0545,115,574,1010,-0.00702,-0.000122,566,9.41,-0.00379,3.84,0.00415,-0.251,-0.439,5.07,-0.000106,0.146,0.0246,0.219,0.011,-0.000135,20,885,0.0262,0.949,0.603
6,7.06,2.78,17.9,-0.00542,34.1,300,512,67,485,-0.846,0.956,0,-4.21e-05,205,0.153,2.72,0.148,2.29,431,3.85,0.95,157.0,234.0,277,35,35,0.0715,0.0134,-0.0121,441,276,257,-0.0522,-0.000156,679,11.3,-0.0302,4.0,-0.133,-0.536,-0.252,4.09,-0.000528,0.102,0.017,0.195,0.0131,-8.93e-05,5,436,0.0204,1.45,1.47
6,8.45,2.06,22.3,0.0125,19.6,230,204,171,64,-2.25,0.891,65,-0.000332,117,0.118,2.65,0.117,2.57,125,5.67,0.917,131.0,190.0,263,241,18,0.218,0.0447,0.167,4,90,90,-0.0497,0.00289,226,6.17,-0.0169,3.47,-0.0395,0.337,-0.995,6.21,0.000856,0.122,0.0188,0.207,0.0107,0.000903,5,225,0.0152,2.55,0.916
6,9.9,2.8,21.3,0.0108,42.9,677,667,547,406,2.15,0.698,892,2.4e-05,125,0.2,2.72,0.181,2.24,537,5.3,0.915,140.0,212.0,751,520,189,0.322,0.0344,0.0138,811,694,580,-0.000555,0.000194,689,9.64,0.0146,3.51,0.0569,0.0124,-0.232,5.5,0.00181,0.146,0.0192,0.29,0.0143,-1.08e-05,921,1020,0.021,0.697,1.35
6,6.97,2.56,21.7,-0.0358,18.5,45,84,401,71,-4.25,0.836,24,-0.000181,329,0.28,2.7,0.144,2.74,383,6.39,0.925,152.0,222.0,169,59,67,0.68,-0.0462,-0.0334,163,424,324,0.00609,7.67e-05,89,8.82,0.00733,4.93,-0.0376,-0.143,-0.2,7.69,0.00152,0.109,0.0147,0.218,0.0105,0.000901,423,389,0.0159,1.93,1.17
6,5.03,2.35,11.3,-0.000493,13.2,189,135,522,297,-17.5,0.668,492,-0.000158,238,0.0823,2.88,0.198,3.38,277,2.0,0.976,230.0,313.0,54,28,28,0.147,0.00113,-0.0968,486,121,388,0.0243,0.000121,407,14.3,0.000864,3.43,-0.0058,-0.0426,-0.181,4.03,-7.5e-05,0.114,0.0152,0.243,0.0152,1.26e-05,389,486,0.0124,2.05,1.56
6,5.39,2.98,19.9,-0.0242,27.9,116,286,304,77,-7.41,0.59,168,-0.000114,205,0.113,2.92,0.229,2.95,56,2.01,0.905,124.0,195.0,327,79,209,0.481,0.00763,-0.01,214,56,44,0.0128,0.000205,97,9.54,-0.0323,2.64,-0.263,0.0284,-0.279,4.39,0.00121,0.0572,0.0119,0.178,0.021,0.000372,184,96,0.0243,1.01,0.773
6,9.28,2.75,22.9,-0.00103,37.1,543,544,239,260,-2.45,0.872,394,-0.000163,208,0.105,2.95,0.266,2.06,105,1.85,0.898,88.7,175.0,406,220,220,0.411,-0.0241,-0.193,215,134,257,-0.00641,0.000256,23,5.2,0.00271,4.71,-0.114,-0.111,-0.295,4.58,0.000424,0.0895,0.0145,0.209,0.0118,1.34e-05,404,21,0.0229,1.52,0.146
6,13.8,3.24,20.0,-0.006,36.0,300,135,265,375,-4.67,0.697,40,5.69e-05,321,0.0424,2.73,0.111,11.9,572,2.3,0.935,118.0,261.0,213,54,54,0.766,0.0332,0.0143,133,46,232,-0.0391,-1.21e-05,149,7.32,-0.00487,3.28,-0.00239,-1.36,-1.48,7.72,0.000709,0.172,0.00951,0.21,0.00221,-5.08e-05,134,194,0.0237,2.48,0.239
6,8.02,2.17,20.2,0.00102,41.2,53,404,202,163,-3.73,0.695,0,-0.00037,162,0.257,2.71,0.139,2.92,154,3.17,0.93,130.0,212.0,14,216,80,0.117,0.0449,0.183,158,257,306,-0.017,0.00016,406,9.7,-0.0337,3.39,-0.0356,-0.0909,-0.538,5.14,0.000554,0.124,0.0172,0.171,0.011,6.75e-05,303,247,0.0258,2.22,0.751
6,4.82,2.7,16.0,0.037,32.3,171,292,128,268,-6.87,0.67,12,-0.000195,22,0.199,2.72,0.09,3.06,28,2.62,0.929,169.0,216.0,20,167,84,0.333,0.0404,-0.192,124,35,124,0.0195,0.000952,153,9.97,-0.0274,3.29,-0.24,-1.17,-0.61,4.73,0.000623,0.107,0.0239,0.161,0.00893,0.000295,16,48,0.0133,2.63,0.61
6,9.54,2.63,11.8,0.0117,31.6,250,494,515,357,-11.6,0.749,421,0.000344,60,0.238,2.73,0.165,4.02,73,3.4,0.974,160.0,246.0,418,105,106,0.43,0.00135,-0.241,83,431,432,-0.0624,0.000106,327,8.06,-0.0429,3.41,-0.136,-0.529,-0.615,5.43,0.000748,0.128,0.0218,0.237,0.00638,0.000146,431,316,0.0175,2.09,1.18
6,8.6,2.25,20.6,0.00833,9.26,58,251,145,445,-4.44,0.775,350,0.000175,388,0.257,2.72,0.155,2.76,432,4.35,0.974,140.0,218.0,336,267,268,-0.0701,0.0312,-0.0258,70,45,83,0.00756,0.000502,54,7.41,-0.0122,5.04,-0.166,-0.327,-0.243,7.28,0.00124,0.124,0.0174,0.161,0.00733,9.92e-05,3,558,0.018,1.31,1.43
6,8.9,2.77,28.8,-0.0186,26.0,412,181,637,15,-3.67,0.829,290,-0.000155,371,0.158,2.73,0.172,2.43,700,4.0,0.958,163.0,252.0,345,385,662,0.523,0.0163,-0.103,101,390,343,-0.0182,-0.000116,696,10.1,-0.0229,4.81,-0.0125,-0.579,-0.668,4.36,0.0021,0.107,0.0161,0.196,0.00905,6.26e-05,297,485,0.021,1.5,2.25
6,9.21,2.82,14.2,-0.048,12.9,49,84,154,162,-14.4,0.611,244,-0.000199,171,0.23,2.72,0.185,1.76,60,3.59,0.965,192.0,231.0,31,120,121,-0.101,-0.0777,0.0537,246,42,169,-0.0729,0.00164,107,8.23,0.00712,3.03,-0.364,-0.346,0.143,4.2,-0.00215,0.121,0.0298,0.198,0.0168,0.000316,21,20,0.00999,3.55,1.46
6,9.67,3.09,24.5,0.00525,23.5,223,315,67,913,-14.7,0.897,994,-1.5e-05,322,0.174,2.73,0.137,3.24,1220,2.64,0.961,189.0,221.0,1010,124,124,0.137,-0.000652,0.101,1030,557,1150,-0.0134,8.16e-05,1190,6.92,-0.0171,5.4,-0.0379,-0.0717,-0.178,5.41,0.00153,0.158,0.0171,0.238,0.00563,7.7e-05,1030,1090,0.0118,0.628,1.67
6,10.4,3.48,27.8,-0.012,28.0,782,820,38,200,-3.12,0.66,418,-0.000125,220,0.203,2.72,0.184,2.48,818,5.49,0.916,151.0,236.0,957,194,194,0.333,0.0131,-0.119,757,229,759,-0.00288,5.52e-05,649,8.74,0.00491,3.18,0.0457,-0.226,-0.243,5.87,0.000646,0.153,0.0177,0.245,0.011,6.14e-05,309,5,0.0252,0.763,2.21
6,8.4,3.37,18.8,-0.00881,24.6,10,203,381,505,-6.62,0.719,220,8.8e-06,262,0.137,2.72,0.167,3.15,25,7.41,0.964,157.0,232.0,343,20,20,0.455,0.0515,0.103,641,265,230,0.00963,3.01e-05,227,10.4,-0.00477,2.99,-0.096,-0.481,-0.0174,4.13,0.00199,0.125,0.0196,0.19,0.0079,0.000101,298,95,0.0185,1.18,1.93
6,9.77,3.21,16.0,-0.0104,27.3,309,670,132,17,1.52,0.761,294,-4.32e-05,185,0.206,2.73,0.161,2.71,504,5.33,0.909,83.9,181.0,116,380,380,0.736,-0.00131,0.0946,616,310,535,0.0284,-8.33e-05,312,8.58,-0.0393,3.2,-0.0984,-0.14,-0.283,4.37,-0.00129,0.143,0.028,0.23,0.0132,0.000207,711,463,0.0235,1.1,0.275
6,11.6,2.87,23.2,0.0104,14.2,220,147,363,486,-4.8,0.718,376,-0.000156,619,0.149,2.73,0.157,2.04,589,3.87,0.929,145.0,219.0,151,608,608,0.603,-0.0704,-0.176,39,280,453,0.0148,0.000309,148,10.4,0.0591,3.82,0.0133,-0.0462,-0.0468,4.28,-0.000251,0.123,0.0186,0.2,0.00737,3.73e-05,434,252,0.019,1.33,1.36
6,4.91,3.6,11.0,0.0211,17.0,534,612,191,610,-8.39,0.687,85,0.00014,181,0.187,2.73,0.127,3.93,268,1.55,0.931,169.0,217.0,86,222,194,0.225,-0.034,-0.121,186,618,274,0.0294,0.000273,164,7.57,0.0547,3.43,0.00461,-0.111,-0.513,5.08,0.00197,0.134,0.0191,0.212,0.00499,7.75e-05,91,184,0.0173,1.07,2.0
6,9.28,3.27,26.2,-0.00181,27.3,32,2020,1960,2110,-5.14,0.607,1390,-2.47e-05,24,0.246,2.72,0.156,2.85,1530,3.91,0.924,111.0,200.0,1440,547,2000,0.362,-0.000894,-0.0282,195,1590,1990,0.0118,-1.21e-05,1590,7.1,-0.00525,4.15,0.00177,-0.4,-0.536,6.67,0.0015,0.146,0.0129,0.217,0.00648,0.000155,1400,1490,0.0173,0.392,0.713
6,7.71,2.58,18.3,0.0305,31.0,173,286,14,110,-6.29,0.605,41,-9.09e-05,137,0.125,2.71,0.186,2.15,137,3.33,0.922,118.0,201.0,13,60,62,0.0669,-0.00885,-0.135,256,43,6,0.0161,0.000971,236,12.5,0.00425,2.8,-0.0255,0.513,0.44,3.75,0.00264,0.131,0.0235,0.218,0.0205,0.000463,102,150,0.0272,2.54,0.739
6,8.6,2.24,16.8,-0.00528,23.5,351,362,494,9,-2.94,0.861,457,6.69e-05,519,0.133,2.9,0.172,5.72,214,4.89,0.928,127.0,182.0,543,341,428,0.435,0.0329,0.0279,128,459,439,-0.0119,0.000615,107,8.87,-0.0436,3.48,-0.0361,0.267,0.149,3.59,5.29e-05,0.098,0.0155,0.251,0.0179,-0.000454,438,438,0.0234,1.46,0.983
6,7.66,2.64,37.5,-0.00347,25.8,14,219,126,159,-0.371,0.415,273,2.13e-05,282,0.139,2.72,0.161,2.42,183,2.22,0.91,146.0,232.0,108,334,334,-0.202,-0.0672,-0.0406,452,398,315,0.0705,-0.00024,315,7.49,0.0431,3.99,-0.013,-0.363,-0.204,5.78,0.00224,0.12,0.0198,0.154,0.00798,2.22e-05,397,222,0.0187,2.16,2.77
6,15.3,2.91,31.8,-0.00916,31.4,78,177,58,377,-1.51,0.606,0,-0.000252,556,0.18,2.73,0.19,2.69,217,5.39,0.935,99.9,220.0,187,192,23,0.152,0.00202,-0.073,423,543,480,-0.0145,0.00069,464,7.84,0.0252,3.54,-0.0846,0.166,-0.338,6.94,0.000509,0.14,0.0175,0.229,0.0103,0.000146,11,287,0.0204,1.66,0.148
6,10.1,2.71,31.4,0.00124,37.0,477,244,3,137,-12.3,0.661,597,6.17e-05,99,0.118,2.72,0.162,2.38,562,8.3,0.967,211.0,349.0,835,271,225,0.261,-0.00759,-0.188,434,250,771,-0.0234,0.000107,787,9.35,0.0309,3.2,-0.0427,-0.161,0.0316,4.4,0.000313,0.11,0.0186,0.199,0.0101,3.14e-05,361,801,0.0225,0.854,3.2
6,8.76,3.3,21.2,0.0161,17.4,7,411,372,84,-1.71,0.76,107,-3.9e-05,179,0.154,2.92,0.21,2.81,508,2.1,0.933,141.0,188.0,407,397,397,0.235,0.0184,-0.0414,326,496,153,0.00172,0.000242,528,9.56,-0.0342,3.72,-0.131,-0.211,0.121,6.24,1.06e-05,0.129,0.0137,0.319,0.014,0.000604,111,430,0.0233,1.64,1.28
6,7.05,2.33,19.0,-0.0125,27.3,291,165,210,248,-12.9,0.612,330,0.000244,100,0.0948,2.71,0.197,1.76,285,5.17,0.937,184.0,225.0,285,134,134,0.466,0.0816,0.0692,114,97,47,0.0102,0.00276,46,10.1,-0.0201,3.46,-0.205,-0.335,-0.545,4.68,0.000676,0.102,0.0214,0.186,0.0182,0.000361,160,160,0.00795,2.51,1.38
6,8.78,2.73,27.1,-0.00295,34.2,560,553,111,744,-9.33,0.734,735,1.23e-05,493,0.175,2.73,0.205,1.99,715,5.02,0.894,113.0,184.0,178,876,676,0.0546,0.0327,0.0113,970,216,885,-0.00811,-6.76e-05,555,6.01,-0.00791,3.29,-0.0795,0.0487,-0.472,5.38,0.00145,0.144,0.0183,0.271,0.00935,6.95e-05,144,724,0.0222,0.802,0.962
6,11.1,3.07,23.2,-0.0148,35.0,76,0,263,598,-3.51,0.713,251,0.000129,519,0.091,2.72,0.219,1.65,84,3.2,0.926,127.0,208.0,446,280,332,0.276,-0.0696,0.102,255,114,544,0.00597,0.000325,282,14.2,0.0434,3.6,0.0434,-0.146,-0.392,5.25,0.00075,0.146,0.015,0.232,0.0145,0.000356,88,399,0.0192,1.77,1.41
6,9.26,3.17,14.7,0.00394,34.9,285,152,33,615,-4.39,0.729,170,-1.05e-05,37,0.112,2.73,0.243,1.65,396,7.65,0.975,193.0,337.0,554,409,20,0.493,-0.00621,-0.095,119,205,529,-0.0517,0.000638,558,13.3,0.00606,4.04,-0.148,0.0197,-0.2,3.49,0.00293,0.128,0.0245,0.273,0.0122,6.33e-05,301,527,0.0346,1.9,2.75
6,11.8,2.97,35.0,0.00456,43.8,222,199,349,44,-3.23,0.759,556,0.000285,296,0.314,2.9,0.0964,8.98,271,2.97,0.948,187.0,345.0,443,286,286,0.187,0.0138,-0.0381,447,272,294,-0.0406,0.000358,67,8.96,-0.000213,4.4,0.00741,0.00982,-0.101,8.44,0.000814,0.183,0.0283,0.236,0.00572,5.03e-05,12,324,0.0216,1.9,2.78
6,7.39,2.65,11.7,0.0201,25.7,240,76,195,275,-12.1,0.719,803,7.81e-05,432,0.0954,2.72,0.177,2.12,357,4.25,0.946,181.0,265.0,290,128,502,0.572,-0.024,0.0825,805,219,372,0.0309,1.8e-05,775,11.8,0.018,4.05,-0.0579,-0.291,-0.266,4.35,0.00276,0.104,0.0181,0.237,0.0146,0.000575,492,462,0.022,1.18,2.23
6,11.3,2.98,26.7,0.000436,23.8,676,620,1330,997,-4.67,0.771,1490,4.7e-05,1190,0.128,2.73,0.187,1.99,128,4.55,0.967,142.0,209.0,1510,788,1260,0.262,-0.00741,0.0336,1390,1220,645,0.0126,2.71e-05,1360,14.3,0.0196,3.86,-0.0215,-0.62,-0.538,5.09,0.00109,0.128,0.0167,0.215,0.0109,0.000197,603,23,0.0176,0.399,1.44
6,9.81,3.84,21.8,0.0114,14.1,186,785,876,584,-5.54,0.795,1180,-2.42e-05,1030,0.0928,2.73,0.201,1.97,223,6.71,0.968,150.0,218.0,756,67,68,0.196,-0.0109,0.0501,1030,760,809,-0.00759,0.000115,827,8.32,-0.00256,4.44,0.066,-0.268,-0.571,5.43,0.00185,0.133,0.0146,0.197,0.0114,3.75e-05,370,569,0.0126,0.547,1.63
6,12.7,3.15,16.2,0.0393,41.6,40,244,160,82,-3.06,0.598,107,2.37e-05,73,0.0712,2.44,0.0994,2.3,172,2.81,0.952,133.0,213.0,112,76,84,0.963,0.0274,-0.109,200,237,110,0.0597,0.0023,211,10.0,-0.0339,3.57,-0.105,-0.171,-0.774,3.48,0.0013,0.0597,0.0147,0.147,0.0134,-0.000194,238,70,0.0237,2.46,2.38
6,6.56,3.76,23.5,-0.0156,37.5,554,514,516,1020,-3.36,0.721,396,-0.000137,504,0.169,2.73,0.168,2.5,784,3.44,0.91,154.0,244.0,384,630,416,0.462,-0.00713,0.0941,944,324,979,0.00235,1.98e-05,530,8.82,0.00328,3.86,-0.0036,0.2,-0.214,4.84,-0.000452,0.14,0.0228,0.21,0.0114,4.95e-05,403,688,0.0206,0.715,2.59
6,5.74,2.56,32.0,-0.0282,31.7,245,21,70,346,-1.78,0.676,195,-9.07e-05,164,0.216,2.72,0.152,2.33,155,6.72,0.878,178.0,230.0,145,209,209,0.589,-0.00694,-0.125,202,244,363,0.0132,0.000527,219,8.27,0.0121,4.63,0.0113,-0.509,-0.966,6.87,0.00269,0.0866,0.017,0.216,0.00574,0.000115,333,217,0.0168,1.18,3.4
6,10.1,2.81,17.1,-0.0154,30.2,21,152,212,355,-1.59,0.746,397,-0.000206,116,0.136,2.93,0.281,2.03,596,1.72,0.9,153.0,195.0,325,49,49,0.143,0.0282,-0.0195,77,251,226,-0.0326,-0.000174,603,9.99,-0.0375,3.71,-0.1,-0.0556,0.108,4.26,-6.21e-06,0.0959,0.0172,0.242,0.0164,5.38e-05,531,30,0.018,1.49,1.24
6,7.82,2.21,21.1,0.0135,10.7,595,597,357,43,-11.9,0.552,378,-4.36e-05,233,0.0851,2.73,0.177,1.99,121,2.27,0.951,191.0,246.0,584,479,376,0.144,-0.0104,0.0504,117,616,582,-0.0262,-0.000366,460,8.63,0.00488,2.91,-0.0234,-0.3,0.186,4.43,0.000213,0.0808,0.0186,0.212,0.0148,0.000202,83,195,0.0158,1.39,2.34
6,5.62,2.77,19.5,-0.00561,26.8,545,132,134,820,-3.3,0.648,405,7.08e-05,567,0.137,2.88,0.0675,6.37,770,2.75,0.962,189.0,354.0,367,119,52,0.146,0.0413,0.0243,592,755,544,-0.0212,0.000157,38,7.0,-0.0185,5.2,-0.0365,-0.286,-0.664,5.3,0.000498,0.224,0.0179,0.193,0.00259,-0.000308,443,97,0.0106,1.25,1.85
6,8.2,2.5,24.4,0.00985,33.8,155,785,140,628,-10.4,0.808,649,-9.46e-06,162,0.112,2.8,0.171,2.5,373,2.75,0.954,187.0,245.0,576,365,466,0.342,-0.00403,0.175,763,65,682,-0.011,-2.03e-05,271,12.3,-0.0277,4.66,-0.109,-0.09,0.102,4.41,0.00106,0.15,0.0223,0.294,0.0236,0.000351,683,289,0.0141,0.984,2.7
6,8.26,2.99,24.9,-0.00246,36.9,17,416,624,188,-6.37,0.621,4,0.000116,525,0.11,2.72,0.188,1.95,521,3.99,0.881,137.0,252.0,387,531,531,0.686,-0.0151,0.0392,300,680,198,-0.0124,-7.26e-05,139,7.23,0.0125,3.92,0.0468,-0.0621,-0.358,4.35,0.00141,0.0989,0.0146,0.194,0.0115,-4.39e-06,128,80,0.0254,1.32,2.27
6,6.79,2.34,24.1,-0.00136,21.3,80,174,114,497,-8.52,0.824,566,8.74e-05,472,0.0751,2.72,0.184,2.34,638,2.99,0.959,145.0,212.0,133,142,142,0.0193,-0.0202,-0.0116,445,417,622,0.0317,0.000127,578,11.0,0.0176,3.15,-0.0696,0.61,0.368,3.4,-0.000274,0.0895,0.0159,0.218,0.0126,3.61e-05,147,419,0.0207,1.27,2.04
6,9.49,2.22,23.1,0.00081,25.1,130,66,299,441,-2.65,0.685,504,0.000175,255,0.0802,2.95,0.245,2.49,436,1.58,0.965,126.0,218.0,387,261,400,0.269,0.0225,-0.197,255,119,388,0.0382,0.00103,197,9.59,-0.0231,3.82,-0.233,0.163,0.0106,5.06,0.000852,0.0726,0.0144,0.341,0.016,-4.21e-06,389,253,0.0236,2.02,1.12
6,12.4,2.97,27.2,0.00532,25.5,305,133,122,161,-13.0,0.641,200,-0.000286,234,0.0905,2.89,0.213,3.29,193,1.68,0.937,116.0,216.0,149,154,154,0.432,-0.0249,0.125,380,46,254,0.0516,0.00108,46,13.6,0.00716,3.43,-0.164,-0.113,-0.446,3.58,0.000561,0.059,0.0138,0.312,0.0167,-4.81e-05,215,216,0.0127,1.73,1.86
6,5.24,2.76,16.2,-0.00291,17.7,95,304,206,117,-7.81,0.522,288,0.000126,203,0.0557,2.44,0.105,2.43,214,4.27,0.943,156.0,209.0,19,103,76,0.474,-0.0136,-0.0923,286,28,221,0.0151,0.000205,176,7.76,-0.0223,3.92,-0.0836,0.464,0.0895,4.16,0.00157,0.0516,0.0112,0.156,0.0153,-0.00019,66,92,0.0181,2.74,0.92
6,7.79,3.84,20.4,0.0285,24.6,579,443,542,21,-2.9,0.67,362,0.000204,534,0.131,2.73,0.209,1.83,604,2.28,0.943,162.0,257.0,418,554,35,0.418,0.0084,-0.00963,198,313,280,0.00219,0.000465,280,6.46,0.00711,4.34,-0.00495,-0.262,-0.301,5.1,0.000603,0.0685,0.0118,0.186,0.00858,5.06e-05,281,12,0.0179,1.71,1.84
6,12.4,3.65,24.9,0.00689,33.2,239,328,26,369,-10.5,0.734,403,-0.000102,249,0.0742,2.73,0.141,4.55,290,2.5,0.929,115.0,181.0,273,58,9,0.707,-0.0779,-0.137,233,288,134,0.0501,-0.000401,338,11.9,0.0516,2.82,0.00757,-0.128,0.0107,4.89,-0.00102,0.094,0.0156,0.147,0.0128,-8.74e-05,72,267,0.0209,1.38,0.801
6,7.68,2.87,24.5,0.0475,16.0,96,237,138,29,-5.26,0.395,8,0.0003,91,0.158,2.48,0.137,2.41,59,2.25,0.958,133.0,227.0,29,93,92,0.196,0.0228,-0.0236,210,26,94,-0.00882,0.00118,190,10.3,-0.0338,3.27,-0.282,-0.474,-0.479,5.45,0.000458,0.133,0.0146,0.149,0.0138,-0.000266,77,85,0.00915,3.54,1.5
6,12.7,3.69,40.7,-0.0219,23.1,178,292,214,23,-1.94,0.665,442,-1.66e-05,291,0.0853,2.93,0.205,4.45,294,3.39,0.911,87.6,182.0,398,227,227,-0.147,-0.0103,-0.0277,173,77,339,-0.024,0.00105,303,7.86,-0.0207,3.98,0.00754,0.0324,-0.713,3.69,0.00201,0.0739,0.0157,0.265,0.0149,8.73e-05,100,339,0.0286,1.44,0.931
6,9.25,2.66,29.4,-0.000137,36.0,572,733,630,677,-4.26,0.648,348,-2.63e-05,465,0.111,2.73,0.243,1.61,597,2.08,0.936,112.0,196.0,735,1040,1040,0.404,0.00913,0.104,350,701,350,0.0146,-0.000105,895,10.1,-0.0049,3.11,-0.053,0.0449,-0.228,3.65,0.000805,0.127,0.0159,0.225,0.0114,2.35e-05,351,948,0.0207,0.91,0.558
6,6.74,2.2,15.3,-0.0154,20.0,48,48,348,12,-6.97,0.557,11,-0.000197,237,0.0963,2.49,0.109,1.93,24,4.77,0.91,149.0,221.0,124,288,274,0.104,0.00366,0.141,324,209,170,-0.0812,0.00207,257,8.71,-0.0103,4.18,-0.0706,-0.292,-0.106,4.23,0.000777,0.0972,0.0135,0.176,0.0164,-0.000183,82,257,0.0252,2.04,0.976
6,6.77,2.87,26.3,-6.25e-06,27.4,551,45,476,333,-7.5,0.682,248,-0.000132,406,0.135,2.73,0.3,1.29,18,4.24,0.929,185.0,242.0,242,12,26,0.545,-0.0105,-0.0896,530,88,329,0.0148,0.000114,329,5.87,-0.0388,3.5,-0.175,-0.627,-0.17,4.81,0.000672,0.124,0.0112,0.245,0.00763,6.68e-07,193,507,0.0209,1.38,2.82
6,6.22,2.98,22.7,0.0171,11.1,277,371,234,341,-9.05,0.721,192,0.000143,420,0.147,2.73,0.202,1.51,11,8.79,0.917,124.0,193.0,193,227,30,0.331,0.0234,0.00987,407,84,338,-0.024,0.000869,373,8.99,-0.00744,3.22,-0.11,-0.474,0.147,6.19,0.000232,0.145,0.0174,0.183,0.00762,1.59e-05,203,240,0.0131,1.73,1.02
6,7.39,2.05,23.8,-0.0105,17.1,251,28,136,329,-19.7,0.809,232,-0.000163,322,0.106,2.47,0.112,2.29,213,3.13,0.971,176.0,227.0,357,273,341,-0.0576,-0.00533,0.286,172,92,20,0.0142,0.00131,257,9.83,-0.0368,3.04,-0.32,-0.0913,0.000631,5.02,-1.51e-05,0.0756,0.0163,0.125,0.0136,0.00161,218,218,0.0141,1.32,1.14
6,7.03,2.71,16.7,0.00323,34.0,433,266,694,594,-8.31,0.759,200,3.43e-05,115,0.0661,2.73,0.201,2.29,146,4.99,0.95,110.0,195.0,700,911,912,0.391,0.0132,0.0632,544,194,208,0.00898,-8.87e-05,942,8.08,-0.00719,3.7,0.0679,-0.0955,0.274,4.41,0.00139,0.126,0.0123,0.274,0.0127,6.06e-05,651,375,0.0187,0.952,0.514
6,9.25,3.35,28.3,0.000923,30.8,480,482,820,356,-3.78,0.77,1150,2.25e-05,549,0.0805,2.72,0.181,1.97,704,5.11,0.938,140.0,218.0,1180,1470,511,-0.000426,-0.00118,-0.0834,1180,707,93,0.0131,-4.24e-05,10,7.92,-0.00147,3.35,0.0115,0.0112,-0.0282,4.21,0.000929,0.0871,0.016,0.232,0.0106,6.72e-05,808,1790,0.021,0.376,1.09
6,14.0,3.8,24.8,-0.0021,39.4,38,148,386,455,-1.68,0.754,352,0.000139,507,0.101,2.95,0.212,4.18,100,2.96,0.907,103.0,179.0,381,457,458,0.61,-0.0157,0.012,418,365,164,0.0319,-0.00015,135,7.75,-0.0538,3.31,0.000402,0.264,-0.17,4.72,0.00271,0.11,0.0133,0.314,0.0102,8.3e-05,473,474,0.0213,1.46,0.44
6,14.9,3.62,14.9,0.00558,12.1,448,54,448,526,-3.04,0.813,216,6.04e-05,58,0.117,2.95,0.171,5.18,61,3.91,0.906,112.0,187.0,13,16,16,0.349,0.0367,-0.0137,21,498,228,-0.0416,-0.000116,444,6.93,-0.0556,3.42,0.00489,0.0227,-0.484,4.55,0.000497,0.0723,0.00867,0.265,0.00909,2.27e-05,6,68,0.016,1.45,0.209
6,6.2,1.92,3.38,-0.0587,24.2,92,36,20,130,-11.0,0.536,4,-0.000147,93,0.0857,2.45,0.101,3.12,158,2.1,0.927,161.0,224.0,165,100,100,-0.0435,0.0122,0.251,105,91,2,-0.132,0.00621,92,7.44,-0.0458,3.37,-0.294,-0.178,-0.538,3.89,-0.00254,0.0617,0.0132,0.131,0.0127,-0.000671,91,91,0.0146,3.95,2.75
6,8.15,2.41,16.9,0.00575,16.6,361,312,324,303,-1.7,0.579,145,-6.77e-05,255,0.149,2.88,0.167,2.25,97,4.91,0.897,114.0,181.0,58,45,382,0.114,0.0513,0.207,402,76,188,0.00243,0.00036,177,9.7,-0.00685,3.22,-0.0134,-0.174,-0.265,5.34,0.00259,0.176,0.029,0.269,0.0291,0.000369,67,32,0.0193,1.85,1.35
6,11.0,2.55,21.7,-0.0537,28.8,138,119,83,69,-11.7,0.817,28,-0.000366,199,0.0955,2.74,0.206,2.19,110,1.94,0.978,186.0,297.0,27,96,223,0.187,-0.0219,0.188,29,135,160,-0.101,0.00446,60,14.4,-0.00294,2.64,0.138,0.364,1.11,3.59,0.00178,0.133,0.0165,0.25,0.017,0.000488,31,165,0.0269,4.12,3.7
6,9.14,3.22,19.8,0.0324,17.0,274,80,182,147,-7.67,0.691,342,0.000173,24,0.0579,2.88,0.193,3.63,25,1.84,0.961,117.0,193.0,343,236,237,0.548,0.0931,-0.0178,255,21,37,0.0713,0.000522,17,9.04,-0.0652,3.33,-0.248,-0.573,-0.487,4.72,0.00183,0.0789,0.00961,0.267,0.0109,0.000234,158,137,0.00948,1.22,0.451
6,8.0,3.07,12.8,0.0136,16.0,419,82,353,415,-10.8,0.733,237,-0.000146,140,0.0746,2.72,0.215,2.37,393,3.77,0.942,148.0,238.0,170,16,16,0.168,0.0234,0.14,192,291,47,-0.00187,0.00115,85,10.2,-0.0303,3.53,-0.0859,0.205,-0.16,4.53,-0.00136,0.08,0.0176,0.315,0.0173,0.000139,2,8,0.0204,2.26,1.85
6,8.68,2.63,15.2,-0.0445,20.7,252,157,175,212,-4.45,0.473,241,0.000486,80,0.125,2.73,0.162,4.32,125,2.01,0.947,128.0,213.0,273,258,235,0.719,0.0836,-0.0403,112,226,154,-0.0185,0.00093,227,15.2,-0.0681,3.43,-0.0554,0.0148,0.455,3.92,0.00275,0.0899,0.0164,0.169,0.0136,1.97e-05,198,198,0.0214,2.86,2.14
6,10.2,2.98,16.0,0.0109,31.9,179,84,20,325,-11.6,0.745,303,0.000124,385,0.113,2.72,0.159,3.52,418,2.68,0.944,142.0,212.0,527,324,426,0.325,-0.0376,0.0106,150,382,312,0.0245,-7.43e-05,337,9.77,0.0437,3.69,0.123,-0.0944,-0.0885,3.9,0.00217,0.0964,0.0184,0.233,0.0137,6.7e-05,420,420,0.0253,1.08,2.68
6,11.7,4.59,19.4,-0.00651,41.4,321,360,374,491,-0.941,0.749,184,-0.000201,626,0.0844,2.89,0.186,4.48,156,2.6,0.934,61.0,136.0,223,510,494,0.535,-0.0109,-0.197,568,204,335,-0.0079,0.000275,580,7.88,0.00348,3.87,0.0151,-0.12,-0.138,4.84,-0.000337,0.0791,0.00987,0.152,0.0117,-0.000162,187,529,0.0172,1.49,0.0
6,7.74,2.99,16.7,0.0189,31.7,295,107,192,267,-2.96,0.651,5,-0.000226,271,0.0878,2.95,0.29,1.87,277,1.94,0.965,143.0,278.0,140,266,266,-0.082,-0.0251,0.0858,359,426,360,-0.0166,-0.000138,281,7.32,0.00667,4.12,-0.0119,-0.211,-0.498,4.69,-0.00118,0.0756,0.0129,0.166,0.00619,1.7e-05,127,237,0.0311,3.19,2.56
6,9.65,2.61,17.4,-0.00409,14.7,130,232,607,501,-5.13,0.815,239,0.000117,497,0.0957,2.81,0.179,3.42,579,2.06,0.936,143.0,224.0,374,499,500,0.125,-0.0018,0.115,534,196,408,0.0162,0.00056,6,9.51,0.0178,3.03,-0.0773,0.465,-0.155,4.38,0.000564,0.088,0.0172,0.272,0.0185,0.000192,585,588,0.0249,1.34,1.88
6,10.4,2.93,29.1,-0.0221,24.0,120,116,395,395,-2.34,1.06,595,-0.000292,349,0.153,2.73,0.194,1.87,615,6.42,0.973,100.0,184.0,207,457,536,0.189,0.00254,-0.0251,156,354,34,-0.0404,0.000214,697,7.94,-0.0216,4.55,-0.0606,-0.0764,0.00767,6.38,0.00012,0.0881,0.0131,0.182,0.00649,1.65e-05,597,353,0.0188,1.38,0.332
6,8.72,2.56,20.2,-0.0473,12.3,402,129,148,338,-10.8,0.667,35,-0.000125,181,0.121,2.73,0.137,4.58,134,3.5,0.938,142.0,230.0,91,184,189,0.158,0.0657,0.0528,360,249,144,-0.075,-0.000419,143,5.75,-0.0683,3.27,-0.121,-1.08,-0.63,3.95,0.000313,0.0894,0.0121,0.133,0.00899,0.000797,20,142,0.0117,1.89,1.16
6,5.82,3.31,13.6,-0.0171,35.6,531,272,491,452,-3.91,0.621,315,-0.000185,166,0.212,2.72,0.172,2.36,113,3.33,0.898,103.0,188.0,217,130,136,1.09,-0.016,0.0558,437,442,98,-0.00493,-0.00073,411,6.49,0.0424,3.86,0.0944,-0.423,-0.711,5.84,0.001,0.0977,0.00948,0.239,0.00971,0.00042,551,409,0.0251,1.67,0.668
6,10.5,3.27,20.6,-0.0102,26.7,143,42,305,190,-7.21,0.723,100,-0.00026,224,0.0647,2.95,0.257,2.7,258,1.67,0.953,121.0,240.0,300,408,123,0.591,-0.0889,0.112,197,108,52,0.0296,-5.57e-05,281,8.78,0.0798,3.96,0.0957,0.164,-0.21,5.17,-0.00106,0.0968,0.0136,0.337,0.0235,7.1e-05,279,297,0.0353,1.93,0.956
6,7.1,2.56,24.0,0.0254,17.9,295,280,189,342,-3.85,0.73,96,-5.08e-05,10,0.108,2.48,0.114,2.09,97,2.53,0.975,125.0,214.0,399,108,109,0.534,0.0153,0.0632,176,51,8,-0.0288,0.00235,86,8.96,0.0146,3.78,-0.0296,-0.0186,-0.273,5.16,0.00124,0.0941,0.0161,0.173,0.012,-1.39e-05,125,285,0.0181,1.53,2.4
6,11.2,3.61,20.9,-0.00181,34.3,446,101,226,370,-2.47,0.681,106,-0.000113,457,0.141,2.9,0.236,2.23,9,1.55,0.891,107.0,201.0,389,191,192,-0.0422,-0.0133,-0.119,305,319,53,-0.079,0.000229,12,6.86,-0.00551,3.39,-0.102,-0.887,-0.78,4.5,0.000412,0.0759,0.0112,0.281,0.0179,-0.000281,109,12,0.0222,2.54,1.06
6,4.25,2.3,19.0,0.0013,37.5,308,438,39,111,-1.68,0.638,302,-7.17e-05,326,0.092,2.94,0.252,2.61,497,1.56,0.947,47.5,110.0,253,375,78,0.188,-0.0179,0.11,367,471,490,0.00223,0.000203,49,7.85,0.0181,3.94,-0.0767,0.0788,-0.265,5.44,-0.000142,0.0851,0.0164,0.27,0.0115,2.54e-05,109,96,0.0141,1.17,0.0
6,6.7,2.26,22.0,0.0174,21.2,417,298,310,43,-4.54,0.736,69,-0.000156,413,0.0716,2.95,0.237,2.86,44,1.52,0.975,111.0,211.0,305,386,96,0.51,-0.0182,-0.105,429,331,8,-0.0512,0.00103,28,8.94,0.0208,3.22,-0.127,-0.284,0.0137,3.57,-0.000361,0.0684,0.0123,0.371,0.0154,0.000137,125,143,0.0213,2.23,0.91
6,6.32,2.34,16.9,0.0266,23.4,120,351,151,131,-10.5,0.646,424,0.000194,3,0.151,2.94,0.272,1.57,3,1.37,0.964,160.0,224.0,320,347,150,0.188,0.00562,0.013,336,266,88,-0.00506,0.00176,172,7.08,-0.00926,3.32,-0.0915,-0.163,0.149,4.1,0.000553,0.112,0.0245,0.337,0.0219,2.2e-05,314,314,0.0175,2.35,3.28
6,10.1,3.41,14.7,0.00313,15.1,82,182,52,5,-1.35,0.793,221,0.000985,153,0.0545,2.9,0.269,2.2,36,1.86,0.938,119.0,194.0,159,57,28,0.6,-0.00967,0.0733,101,21,13,0.138,-0.000817,4,4.98,0.00502,3.66,0.0091,-0.679,-1.32,5.73,0.00053,0.094,0.00837,0.274,0.024,0.00133,152,3,0.0141,3.4,1.87
6,5.41,2.64,14.2,0.0188,33.9,269,204,51,93,-11.3,0.66,295,0.000208,16,0.0951,2.93,0.268,1.95,204,1.47,0.919,122.0,194.0,456,189,189,0.175,0.0135,-0.057,389,24,5,-0.0316,0.000284,24,7.56,0.0151,3.12,-0.175,0.00259,0.154,3.06,-6.18e-05,0.0846,0.0191,0.348,0.0236,9.98e-05,24,466,0.0211,1.89,0.98
6,8.72,4.21,24.0,0.0261,24.2,8,0,282,93,-8.97,0.613,154,0.000282,215,0.0585,2.93,0.173,7.15,101,4.76,0.932,116.0,192.0,323,57,200,0.236,0.0254,-0.0821,173,96,255,0.00499,-0.000513,2,9.39,0.0479,2.86,0.146,-0.00102,-0.075,4.25,0.001,0.0742,0.0104,0.181,0.0141,0.000102,23,23,0.0184,1.65,0.278
6,10.1,3.03,23.3,0.00413,23.6,31,169,12,130,-1.05,0.633,314,-0.000216,299,0.129,2.93,0.175,4.21,149,2.45,0.926,123.0,206.0,370,18,44,0.382,-0.00719,-0.00152,360,34,287,0.0169,6.74e-05,67,7.0,-0.0269,3.74,-0.0864,-0.784,0.0375,7.45,-0.000564,0.0969,0.00997,0.234,0.00992,0.000462,11,33,0.0167,1.62,2.35
6,6.6,3.04,23.1,-0.0382,26.8,361,295,97,374,-11.4,0.654,351,-0.00066,252,0.119,2.84,0.169,3.91,423,2.11,0.959,183.0,280.0,19,378,419,0.299,-0.0707,0.0238,295,155,295,-0.00403,-1.97e-05,297,9.46,0.0271,3.34,-0.0972,0.39,0.34,4.15,-0.000201,0.0978,0.00892,0.29,0.0157,-0.000291,75,74,0.0164,2.54,0.954
6,6.98,2.22,16.5,0.0149,34.0,7,266,205,291,-14.4,0.746,335,1.33e-05,177,0.0859,2.44,0.0872,2.6,339,2.59,0.944,168.0,246.0,156,6,8,0.0483,-0.0439,0.132,255,267,138,0.102,-0.00201,56,9.98,-0.112,2.93,0.262,0.0314,0.602,5.27,-0.00116,0.0891,0.0139,0.153,0.0156,0.000406,341,137,0.0304,2.49,2.74
6,6.51,3.04,27.2,0.014,28.1,33,575,328,170,-14.7,0.934,342,5.5e-05,491,0.052,2.95,0.208,4.77,473,1.99,0.96,118.0,208.0,252,64,65,0.313,0.026,0.0471,437,484,146,-0.0502,0.000162,480,8.96,-0.0611,3.38,-0.204,-0.389,-0.254,4.51,-0.000343,0.0895,0.0143,0.288,0.0145,2.81e-05,245,300,0.0222,1.26,0.592
6,5.75,2.92,14.1,0.00923,29.0,39,337,201,164,-11.8,0.578,118,-0.000201,102,0.104,2.95,0.285,1.5,291,3.27,0.937,133.0,223.0,318,298,213,0.0501,-0.0388,-0.298,99,45,2,-0.0172,0.0019,272,5.46,0.0324,3.47,-0.0843,-0.446,-0.739,3.86,-0.000689,0.0599,0.0174,0.298,0.0174,-0.000163,96,155,0.0262,2.05,2.62
6,8.58,2.55,23.0,0.0132,16.4,451,426,114,445,-0.0887,0.616,193,7.02e-05,13,0.107,2.94,0.275,1.85,352,1.55,0.974,135.0,221.0,355,257,210,0.371,-0.0316,-0.0963,249,453,76,0.00561,0.000258,207,8.53,0.0081,4.78,0.017,-0.438,-0.0446,4.16,0.000434,0.0896,0.0118,0.34,0.0111,4.74e-05,56,469,0.019,1.59,1.43
6,8.24,3.16,21.0,0.027,25.9,420,18,414,97,-9.38,0.532,205,-0.00017,98,0.0857,2.94,0.228,2.56,130,1.9,0.928,154.0,220.0,265,110,119,0.486,-0.0341,0.0191,7,423,402,0.0268,0.000591,21,7.7,0.0306,2.99,0.0911,0.285,-0.124,4.65,0.000293,0.0694,0.019,0.272,0.0202,0.000237,227,66,0.0253,1.88,0.998
6,12.2,2.82,11.9,0.00404,24.0,140,524,142,76,-2.21,0.629,174,1.98e-05,108,0.0698,2.92,0.17,6.2,95,2.15,0.933,104.0,187.0,234,399,399,0.16,-0.00424,0.0135,73,346,73,0.0276,-0.000335,539,10.6,-0.0314,3.27,0.134,0.253,-0.574,3.28,0.000199,0.0663,0.014,0.275,0.0152,-0.000431,94,65,0.014,1.6,0.406
6,10.1,3.83,19.0,-0.00875,20.8,12,297,297,202,-3.42,0.561,410,6.41e-05,58,0.105,2.45,0.107,3.15,58,3.23,0.889,111.0,172.0,60,443,126,0.372,-0.0196,0.131,9,248,419,-0.0642,0.000245,421,7.41,0.0117,4.14,0.0349,0.629,-0.455,4.07,0.000673,0.0671,0.0108,0.155,0.011,0.000164,247,56,0.0199,2.26,0.597
6,5.97,4.11,15.0,0.0973,32.5,84,106,266,100,-3.55,0.749,65,0.00101,86,0.265,2.96,0.392,1.24,22,1.34,0.968,210.0,336.0,327,148,148,-0.161,-0.00111,-0.03,193,74,137,0.0956,-0.000491,73,6.9,0.042,5.8,-0.212,-0.581,-0.382,4.3,0.000732,0.0685,0.01,0.321,0.00917,5.36e-06,356,72,0.0096,1.79,1.55
6,7.71,2.6,16.9,-0.0409,31.3,313,148,309,264,-5.79,0.619,125,0.000281,9,0.08,2.47,0.0884,2.56,162,2.75,0.925,108.0,193.0,43,81,81,0.565,0.0946,0.192,130,157,39,-0.0388,0.000718,157,8.34,-0.0937,3.25,-0.131,-0.224,-0.261,4.48,0.00104,0.0757,0.0184,0.134,0.0122,0.00103,156,59,0.0186,2.46,0.192
6,12.1,3.4,23.9,-0.0213,23.2,293,38,227,261,-4.38,0.839,108,-0.000175,293,0.092,2.95,0.283,2.65,137,2.32,0.944,117.0,223.0,163,275,232,0.374,-0.0245,0.00924,186,285,216,0.00206,0.000772,260,11.6,0.00451,5.01,-0.048,-0.431,-0.648,5.23,0.000984,0.0676,0.00911,0.205,0.00854,2.08e-05,77,338,0.02,2.12,1.26
6,10.0,2.71,17.1,-0.0187,34.3,407,47,303,575,-9.08,0.773,450,1.28e-05,10,0.0853,2.84,0.179,4.15,23,2.22,0.93,145.0,219.0,102,323,323,0.24,0.0272,-0.104,422,468,492,-0.013,-1.35e-05,307,11.4,-0.00364,3.63,0.00882,-0.569,-0.0355,3.67,-0.00123,0.0714,0.0127,0.254,0.0132,-0.00018,441,441,0.0153,1.26,1.15
6,12.0,3.12,25.2,0.0109,24.2,478,216,11,461,-14.9,0.765,421,0.000172,348,0.138,2.91,0.24,2.16,474,1.79,0.951,113.0,206.0,325,351,359,0.36,-0.0641,-0.0462,109,116,512,-0.00937,0.000674,457,6.81,-0.0166,4.8,-0.0451,0.0214,-0.519,3.87,0.000794,0.084,0.00988,0.253,0.0125,0.000135,280,303,0.0166,1.32,0.841
6,6.31,2.49,19.7,0.0566,28.6,155,32,200,103,-1.99,0.568,0,-8.23e-05,186,0.104,2.95,0.248,3.04,203,1.85,0.957,183.0,294.0,92,105,106,0.268,-0.0107,-0.127,260,126,94,-0.00846,0.000381,263,7.35,0.0133,5.14,0.12,-0.193,-0.448,4.79,0.000809,0.0687,0.0156,0.215,0.0103,4.06e-05,94,35,0.0182,2.35,4.49
6,8.1,3.16,18.4,-0.013,21.7,419,64,165,420,-5.69,0.76,183,1.81e-06,401,0.0768,2.9,0.194,3.8,277,1.85,0.974,151.0,262.0,267,31,31,0.267,0.068,0.0215,110,134,451,-0.0237,0.000243,334,15.0,-0.0279,3.11,-0.0942,-0.467,0.364,4.29,3.55e-05,0.0832,0.0162,0.246,0.0167,0.000296,5,449,0.017,1.92,1.62
6,9.59,2.33,22.6,0.00928,16.3,507,119,509,335,-12.4,0.575,445,-1.71e-05,148,0.092,2.95,0.286,2.02,136,1.61,0.972,91.1,216.0,14,374,114,0.368,-0.0152,-0.00664,242,230,209,-0.0728,0.000535,232,10.2,-0.0238,3.16,-0.0498,0.356,-0.283,5.71,0.00105,0.099,0.00953,0.225,0.0109,6.04e-05,90,60,0.0155,1.69,0.0
6,7.54,2.56,22.0,0.00446,21.6,15,391,41,127,-6.76,0.789,228,1.89e-05,286,0.0649,2.94,0.24,3.54,469,1.97,0.958,108.0,202.0,394,111,131,0.31,-0.0263,0.0367,452,293,57,-0.00025,0.000712,316,11.8,0.00712,3.17,0.00404,0.362,-0.267,5.6,0.000623,0.111,0.0106,0.256,0.0122,3.51e-05,26,31,0.0169,1.88,0.587
6,8.11,2.18,19.3,-0.0129,16.2,512,143,374,576,-6.74,0.7,435,8.74e-05,374,0.0503,2.92,0.163,7.26,219,2.03,0.956,77.9,197.0,383,498,616,0.157,-0.00211,0.17,21,113,8,-0.00427,0.000615,476,12.2,-0.0336,3.71,0.038,0.139,-0.199,4.09,0.000328,0.129,0.0126,0.324,0.0137,3.05e-05,21,174,0.0188,1.2,0.168
6,10.0,2.57,18.2,0.0231,22.7,20,69,20,161,-3.31,0.696,297,0.000671,224,0.086,2.95,0.263,1.86,231,1.77,0.956,129.0,235.0,264,183,75,0.234,0.0601,0.0507,94,191,11,0.162,-0.000358,11,9.67,-0.00422,3.14,-0.228,-0.491,-0.317,3.87,0.00123,0.0853,0.0114,0.341,0.0214,0.000451,9,9,0.0233,2.55,1.42
6,6.18,3.61,9.44,0.0619,14.0,125,3,225,56,-7.24,0.654,109,-0.000377,34,0.0857,2.95,0.239,2.77,214,3.57,0.909,127.0,211.0,227,52,52,0.102,-0.0404,-0.327,1,91,198,-0.0341,-0.000721,120,6.65,0.0609,3.13,0.013,0.362,-0.0499,4.16,0.000318,0.0777,0.0166,0.315,0.00832,8.01e-06,7,119,0.0201,2.8,3.0
6,7.28,2.34,14.1,0.00266,23.0,423,253,229,387,-8.31,0.614,5,-0.000157,336,0.144,2.95,0.255,2.02,410,1.66,0.944,149.0,231.0,111,157,157,0.213,0.00221,-0.0154,366,56,306,-0.0132,0.000706,405,8.81,0.00135,3.69,-0.104,-0.195,0.0627,4.78,-0.000523,0.114,0.0143,0.306,0.016,-1.27e-05,14,405,0.0248,2.33,1.69
6,8.24,2.33,12.7,-0.00482,18.2,169,165,267,102,-8.43,0.75,139,0.000209,151,0.0884,2.95,0.324,1.29,169,1.36,0.919,142.0,194.0,152,55,75,0.394,0.0229,0.0668,260,64,260,-0.0613,9.7e-05,191,9.5,-0.00833,3.32,-0.102,-0.0387,-0.137,3.6,0.00221,0.0788,0.0169,0.292,0.0177,5.04e-05,260,11,0.0218,1.96,2.21
6,7.64,2.32,25.8,0.014,14.1,271,104,57,255,-8.44,0.744,264,0.000235,3,0.0837,2.92,0.225,2.59,42,1.39,0.978,138.0,214.0,433,175,28,0.208,-0.00874,0.225,383,226,502,0.0154,0.000267,160,9.12,0.00928,3.29,-0.0811,0.138,-0.172,4.24,0.000845,0.0749,0.0118,0.327,0.0199,0.000281,368,226,0.0171,1.59,2.25
6,7.51,2.86,21.5,0.00537,33.3,390,449,55,15,-5.38,0.823,36,-0.000228,316,0.066,2.49,0.0821,3.1,395,3.86,0.953,66.7,146.0,20,221,222,0.376,-0.0373,0.0967,4,294,211,0.00509,-0.000353,40,9.25,0.000634,3.05,0.0173,0.369,-0.158,3.59,-0.000849,0.0969,0.0177,0.2,0.0135,0.000226,38,165,0.0286,1.88,0.0
6,8.45,2.19,23.6,0.0106,23.4,187,376,326,550,-5.25,0.673,115,-2.49e-05,549,0.0681,2.93,0.154,6.02,509,2.36,0.97,135.0,223.0,225,417,417,0.384,0.0177,-0.0209,366,15,122,0.00115,-0.000304,346,10.4,-0.0262,3.18,-0.0132,-0.0234,-0.21,4.52,-0.000795,0.0535,0.0145,0.261,0.0171,0.000902,120,383,0.0164,1.81,0.332
6,9.07,3.27,31.3,-0.0254,19.2,97,147,29,243,-3.44,0.729,228,0.000829,64,0.119,2.95,0.227,3.84,26,3.13,0.948,82.7,171.0,230,101,16,-0.00927,0.0301,0.12,21,59,92,-0.0258,-0.000225,8,10.8,0.0145,3.89,0.202,-0.208,-0.0851,4.46,0.00249,0.102,0.0123,0.271,0.0105,3.62e-05,233,6,0.0166,3.42,0.565
6,6.96,2.17,20.4,-0.013,22.0,128,282,302,54,-6.33,0.64,410,5.95e-05,65,0.0566,2.81,0.108,7.77,127,4.61,0.938,115.0,204.0,126,156,286,-0.0091,0.016,-0.0459,236,305,245,0.0113,0.00208,349,8.89,0.00486,2.94,-0.265,0.8,0.143,3.61,-0.000492,0.0642,0.0137,0.117,0.013,0.00117,63,148,0.016,1.88,0.918
6,8.37,3.23,16.3,-0.00455,23.3,44,439,43,333,-4.51,0.721,380,0.000109,389,0.0579,2.94,0.219,3.47,385,2.25,0.913,134.0,179.0,615,69,371,0.452,-0.0192,0.2,595,535,254,0.0224,0.000263,355,8.29,-0.00323,3.74,-0.0736,-0.495,-0.216,4.52,0.00191,0.078,0.0142,0.287,0.0133,-3.4e-05,323,250,0.0147,0.782,0.998
6,7.98,3.17,21.1,0.0205,16.5,155,196,13,461,-8.52,0.741,5,0.000202,48,0.125,2.87,0.192,2.85,506,1.99,0.944,129.0,194.0,18,622,592,0.559,0.0215,0.0437,377,615,490,-0.0751,0.000288,130,10.1,-0.029,3.59,0.00858,-0.322,-0.582,4.57,0.00122,0.0779,0.013,0.301,0.0148,0.000614,42,42,0.0201,1.16,1.19
6,9.86,2.77,16.2,-0.0389,22.2,160,35,158,187,-7.43,0.767,44,5.69e-05,91,0.116,2.47,0.126,2.17,222,3.53,0.943,120.0,197.0,337,279,74,0.41,0.0166,0.178,63,193,64,0.0245,0.00129,154,5.51,0.0159,3.94,0.00487,0.18,-0.501,4.24,-0.000312,0.124,0.0115,0.175,0.0144,0.000384,131,81,0.0189,1.15,0.465
6,9.76,2.8,29.6,-0.0109,23.8,432,389,239,561,1.34,0.646,92,-6.94e-05,222,0.135,2.88,0.155,4.52,202,2.19,0.892,131.0,213.0,517,457,469,0.105,0.0141,0.0737,237,183,558,0.00539,-3.86e-05,391,7.99,0.0228,2.77,0.00747,0.122,-0.812,4.13,0.000831,0.0763,0.0114,0.234,0.0115,0.000297,184,515,0.0201,1.87,1.1
6,14.1,2.35,18.4,-0.0188,21.1,52,116,0,154,-3.39,0.654,285,-9.44e-06,84,0.0648,2.93,0.276,1.8,455,1.51,0.918,123.0,196.0,190,214,294,0.344,-0.125,-0.0517,10,445,359,-0.026,-0.0013,335,9.64,0.0764,3.09,-0.114,0.142,-0.183,3.51,0.00181,0.0526,0.0142,0.27,0.0151,-2.66e-05,288,305,0.0242,2.02,1.56
6,11.9,4.35,24.0,0.00659,25.5,95,455,226,71,-5.09,0.89,166,6.32e-05,129,0.128,2.95,0.231,3.98,388,3.02,0.932,99.6,202.0,609,377,377,0.103,-0.00563,-0.166,138,430,214,0.00427,0.00057,34,10.3,0.00528,3.5,-0.0918,0.454,0.027,4.52,0.000459,0.094,0.0122,0.292,0.0153,3.36e-05,31,482,0.0282,1.22,0.63
6,8.85,2.72,15.2,0.0243,21.0,206,496,212,394,-8.74,0.653,385,-0.000122,175,0.0653,2.93,0.28,1.6,239,1.67,0.921,165.0,253.0,342,21,21,0.156,0.0115,-0.0423,298,397,245,0.04,0.000513,195,9.49,0.00444,3.26,-0.118,-0.0109,0.287,4.18,-0.000678,0.0744,0.0153,0.236,0.0198,8.15e-05,389,11,0.0232,2.02,2.74
6,7.72,2.89,31.0,-0.00327,27.7,203,287,214,233,-8.44,0.682,277,-0.000127,250,0.089,2.84,0.15,5.13,379,2.11,0.965,93.5,179.0,346,418,418,0.233,0.0146,-0.0743,87,173,421,0.0207,-2.75e-05,1,8.54,0.00751,4.41,0.0342,-0.00354,0.0974,4.28,0.00023,0.0982,0.0169,0.325,0.0193,0.00108,479,51,0.0152,2.04,0.378
6,10.4,2.29,16.4,0.00248,35.4,592,147,381,358,-8.77,0.633,552,9.22e-05,199,0.137,2.92,0.259,2.35,712,1.72,0.924,119.0,185.0,588,595,22,0.135,0.00616,-0.0519,329,316,648,-0.0277,0.000243,586,11.4,0.0216,3.7,0.0115,0.232,-0.276,4.93,0.000882,0.108,0.0161,0.286,0.0161,0.000442,31,504,0.0253,1.0,0.628
6,10.8,2.31,18.2,0.00667,20.6,158,616,587,340,-3.96,0.658,341,2.61e-06,721,0.0645,2.94,0.184,4.94,68,2.23,0.975,166.0,232.0,293,619,274,0.0815,-0.0189,-0.0118,110,288,665,0.0159,-0.000125,665,10.1,0.0121,3.63,0.023,-0.132,0.0413,3.88,-9.22e-05,0.0783,0.0123,0.15,0.0112,0.000162,138,412,0.00949,1.25,1.09
